_id,YEAR,DATE,TIME,HOUR,STREET1,STREET2,OFFSET,ROAD_CLASS,District,WardNum,Division,LATITUDE,LONGITUDE,LOCCOORD,ACCLOC,TRAFFCTL,VISIBILITY,LIGHT,RDSFCOND,ACCLASS,IMPACTYPE,INVTYPE,INVAGE,INJURY,FATAL_NO,INITDIR,VEHTYPE,MANOEUVER,DRIVACT,DRIVCOND,PEDTYPE,PEDACT,PEDCOND,PEDESTRIAN,AUTOMOBILE,TRUCK,TRSN_CITY_VEH,EMERG_VEH,PASSENGER,SPEEDING,AG_DRIV,REDLIGHT,ALCOHOL,DISABILITY,Hood_ID,Neighbourhood
8373,2012,2012-05-07T04:00:00,801,8,STEELES AVE E,BIRCHMOUNT RD,,Major Arterial,Scarborough,22,42,43.821345,-79.31689,Intersection,At Intersection,Traffic Signal,Clear,Daylight,Dry,Fatal,Pedestrian Collisions,Driver,80 to 84,None,,North,"Automobile, Station Wagon",Turning Left,Driving Properly,Normal,,,,Yes,Yes,,,,Yes,,,,,,116,Steeles (116)
8374,2012,2012-05-07T04:00:00,801,8,STEELES AVE E,BIRCHMOUNT RD,,Major Arterial,Scarborough,22,42,43.821345,-79.31689,Intersection,At Intersection,Traffic Signal,Clear,Daylight,Dry,Fatal,Pedestrian Collisions,Pedestrian,30 to 34,Fatal,13,South,Other,,,,Vehicle is going straight thru inter.while ped cross with ROW,Crossing with right of way,Normal,Yes,Yes,,,,Yes,,,,,,116,Steeles (116)
13931,2017,2017-08-08T04:00:00,801,8,MILLIKEN BLVD,FINCH  AVE E,,Major Arterial,Scarborough,22,42,43.801741,-79.294254,Intersection,At Intersection,Traffic Signal,Clear,Daylight,Dry,Non-Fatal Injury,Pedestrian Collisions,Driver,50 to 54,None,,South,Pick Up Truck,Turning Left,Failed to Yield Right of Way,Normal,,,,Yes,Yes,,,,,,Yes,,,,117,L'Amoreaux (117)
13932,2017,2017-08-08T04:00:00,801,8,MILLIKEN BLVD,FINCH  AVE E,,Major Arterial,Scarborough,22,42,43.801741,-79.294254,Intersection,At Intersection,Traffic Signal,Clear,Daylight,Dry,Non-Fatal Injury,Pedestrian Collisions,Pedestrian,75 to 79,Major,,North,,,,,Vehicle turns left while ped crosses with ROW at inter.,Crossing with right of way,Normal,Yes,Yes,,,,,,Yes,,,,117,L'Amoreaux (117)
14549,2018,2018-04-23T04:00:00,801,8,HORNER  AVE,BETA  ST,25 m West of,Minor Arterial,Etobicoke York,3,22,43.603137,-79.538493,Intersection,Intersection Related,No Control,Clear,Daylight,Dry,Non-Fatal Injury,Pedestrian Collisions,Driver,25 to 29,None,,East,"Automobile, Station Wagon",Slowing or Stopping,Driving Properly,Normal,,,,Yes,Yes,,,,,,,,,,20,Alderwood (20)
14550,2018,2018-04-23T04:00:00,801,8,HORNER  AVE,BETA  ST,25 m West of,Minor Arterial,Etobicoke York,3,22,43.603137,-79.538493,Intersection,Intersection Related,No Control,Clear,Daylight,Dry,Non-Fatal Injury,Pedestrian Collisions,Pedestrian,20 to 24,Major,,South,,,,,Pedestrian hit at mid-block,"Crossing, no Traffic Control",Inattentive,Yes,Yes,,,,,,,,,,20,Alderwood (20)
7571,2011,2011-08-25T04:00:00,803,8,MIDLAND AVE,STEELES AVE E,,Major Arterial,Scarborough,,42,43.825945,-79.29729,Intersection,At Intersection,Traffic Signal,Clear,Daylight,Dry,Non-Fatal Injury,Pedestrian Collisions,Vehicle Owner,unknown,,,,Other,,,,,,,Yes,Yes,,,,,,Yes,,,,130,Milliken (130)
7572,2011,2011-08-25T04:00:00,803,8,MIDLAND AVE,STEELES AVE E,,Major Arterial,Scarborough,,42,43.825945,-79.29729,Intersection,At Intersection,Traffic Signal,Clear,Daylight,Dry,Non-Fatal Injury,Pedestrian Collisions,Driver,45 to 49,None,,East,"Automobile, Station Wagon",Turning Right,Failed to Yield Right of Way,Normal,,,,Yes,Yes,,,,,,Yes,,,,130,Milliken (130)
7573,2011,2011-08-25T04:00:00,803,8,MIDLAND AVE,STEELES AVE E,,Major Arterial,Scarborough,,42,43.825945,-79.29729,Intersection,At Intersection,Traffic Signal,Clear,Daylight,Dry,Non-Fatal Injury,Pedestrian Collisions,Vehicle Owner,unknown,,,,Other,,,,,,,Yes,Yes,,,,,,Yes,,,,130,Milliken (130)
7574,2011,2011-08-25T04:00:00,803,8,MIDLAND AVE,STEELES AVE E,,Major Arterial,Scarborough,,42,43.825945,-79.29729,Intersection,At Intersection,Traffic Signal,Clear,Daylight,Dry,Non-Fatal Injury,Pedestrian Collisions,Pedestrian,45 to 49,Major,,East,Other,,,,Vehicle turns right while ped crosses with ROW at inter.,Crossing with right of way,Normal,Yes,Yes,,,,,,Yes,,,,130,Milliken (130)
4771,2009,2009-03-04T05:00:00,804,8,NEILSON Rd,MCLEVIN Ave,,Minor Arterial,Scarborough,,42,43.808645,-79.22069,Mid-Block,At Intersection,No Control,Clear,Daylight,Dry,Non-Fatal Injury,Pedestrian Collisions,Driver,35 to 39,None,,South,"Automobile, Station Wagon",Slowing or Stopping,Driving Properly,Normal,,,,Yes,Yes,,,,,,,,,,132,Malvern (132)
4772,2009,2009-03-04T05:00:00,804,8,NEILSON Rd,MCLEVIN Ave,,Minor Arterial,Scarborough,,42,43.808645,-79.22069,Mid-Block,At Intersection,No Control,Clear,Daylight,Dry,Non-Fatal Injury,Pedestrian Collisions,Pedestrian,75 to 79,Major,,West,Other,,,,Pedestrian hit at mid-block,"Crossing, no Traffic Control",Normal,Yes,Yes,,,,,,,,,,132,Malvern (132)
1455,2006,2006-09-25T04:00:00,805,8,THE WEST MALL,BURNHAMTHORPE RD,,Major Arterial,Etobicoke York,2,22,43.644545,-79.56719,Intersection,At Intersection,Traffic Signal,Clear,Daylight,Dry,Non-Fatal Injury,Pedestrian Collisions,Driver,45 to 49,None,,South,"Automobile, Station Wagon",Turning Left,Failed to Yield Right of Way,Inattentive,,,,Yes,Yes,,,,,,Yes,,,,13,Etobicoke West Mall (13)
1456,2006,2006-09-25T04:00:00,805,8,THE WEST MALL,BURNHAMTHORPE RD,,Major Arterial,Etobicoke York,2,22,43.644545,-79.56719,Intersection,At Intersection,Traffic Signal,Clear,Daylight,Dry,Non-Fatal Injury,Pedestrian Collisions,Pedestrian,35 to 39,Major,,North,Other,,,,Vehicle turns left while ped crosses with ROW at inter.,Crossing with right of way,Normal,Yes,Yes,,,,,,Yes,,,,13,Etobicoke West Mall (13)
1479,2006,2006-09-30T04:00:00,805,8,RONCESVALLES AVE,MARION ST,,Minor Arterial,Toronto and East York,4,11,43.641045,-79.44699,Intersection,At Intersection,Pedestrian Crossover,Clear,Daylight,Dry,Non-Fatal Injury,Pedestrian Collisions,Driver,unknown,None,,North,"Automobile, Station Wagon",Going Ahead,Failed to Yield Right of Way,Normal,,,,Yes,Yes,,,,,,Yes,,,,86,Roncesvalles (86)
1480,2006,2006-09-30T04:00:00,805,8,RONCESVALLES AVE,MARION ST,,Minor Arterial,Toronto and East York,4,11,43.641045,-79.44699,Intersection,At Intersection,Pedestrian Crossover,Clear,Daylight,Dry,Non-Fatal Injury,Pedestrian Collisions,Pedestrian,65 to 69,Major,,East,Other,,,,Pedestrian hit a PXO/ped. Mid-block signal,"Crossing, Pedestrian Crossover",Normal,Yes,Yes,,,,,,Yes,,,,86,Roncesvalles (86)
2514,2007,2007-11-28T05:00:00,805,8,OAKWOOD AVE,HANSON RD,,Minor Arterial,Toronto and East York,12,13,43.688945,-79.43939,Intersection,,No Control,Clear,Daylight,Ice,Non-Fatal Injury,Pedestrian Collisions,Pedestrian,20 to 24,Major,,South,Other,,,,Vehicle is going straight thru inter.while ped cross with ROW,Crossing with right of way,Normal,Yes,Yes,,,,,,,,,,107,Oakwood Village (107)
2520,2007,2007-11-28T05:00:00,805,8,OAKWOOD AVE,HANSON RD,,Minor Arterial,Toronto and East York,12,13,43.688945,-79.43939,Intersection,,No Control,Clear,Daylight,Ice,Non-Fatal Injury,Pedestrian Collisions,Driver,75 to 79,None,,South,"Automobile, Station Wagon",Going Ahead,Lost control,Normal,,,,Yes,Yes,,,,,,,,,,107,Oakwood Village (107)
15428,2019,2019-04-17T04:00:00,805,8,SHEPPARD AV E,KENNEDY ROAD,264 m West of,Major Arterial,Scarborough,22,42,43.781795,-79.294933,Mid-Block,Non Intersection,No Control,Clear,Daylight,Dry,Non-Fatal Injury,Pedestrian Collisions,Driver,60 to 64,None,,East,"Automobile, Station Wagon",Going Ahead,Driving Properly,Normal,,,,Yes,Yes,,,,Yes,,,,,,118,Tam O'Shanter-Sullivan (118)
15429,2019,2019-04-17T04:00:00,805,8,SHEPPARD AV E,KENNEDY ROAD,264 m West of,Major Arterial,Scarborough,22,42,43.781795,-79.294933,Mid-Block,Non Intersection,No Control,Clear,Daylight,Dry,Non-Fatal Injury,Pedestrian Collisions,Passenger,30 to 34,None,,,,,,,,,,Yes,Yes,,,,Yes,,,,,,118,Tam O'Shanter-Sullivan (118)
15430,2019,2019-04-17T04:00:00,805,8,SHEPPARD AV E,KENNEDY ROAD,264 m West of,Major Arterial,Scarborough,22,42,43.781795,-79.294933,Mid-Block,Non Intersection,No Control,Clear,Daylight,Dry,Non-Fatal Injury,Pedestrian Collisions,Pedestrian,Over 95,Major,,,,,,,,,Normal,Yes,Yes,,,,Yes,,,,,,118,Tam O'Shanter-Sullivan (118)
14663,2018,2018-09-28T04:00:00,806,8,EGLINTON AVE E,ROSEMOUNT DR,,Major Arterial,Scarborough,,41,43.730773,-79.273853,Intersection,At Intersection,Traffic Signal,Clear,Daylight,Dry,Non-Fatal Injury,Pedestrian Collisions,Driver,unknown,None,,East,Delivery Van,Going Ahead,Driving Properly,Unknown,,,,Yes,Yes,,,,,,,,,,125,Ionview (125)
14664,2018,2018-09-28T04:00:00,806,8,EGLINTON AVE E,ROSEMOUNT DR,,Major Arterial,Scarborough,,41,43.730773,-79.273853,Intersection,At Intersection,Traffic Signal,Clear,Daylight,Dry,Non-Fatal Injury,Pedestrian Collisions,Pedestrian,25 to 29,Major,,North,,,,,Vehicle is going straight thru inter.while ped cross without ROW,Crossing without right of way,Inattentive,Yes,Yes,,,,,,,,,,125,Ionview (125)
2286,2007,2007-07-18T04:00:00,809,8,GOWAN AVE,PAPE AVE,,Major Arterial,Toronto and East York,14,54,43.688445,-79.34839,Intersection,,No Control,Clear,Daylight,Dry,Non-Fatal Injury,Pedestrian Collisions,Driver,50 to 54,None,,South,,Reversing,Other,Inattentive,,,,Yes,,,,,,,,,,,59,Danforth East York (59)
2287,2007,2007-07-18T04:00:00,809,8,GOWAN AVE,PAPE AVE,,Major Arterial,Toronto and East York,14,54,43.688445,-79.34839,Intersection,,No Control,Clear,Daylight,Dry,Non-Fatal Injury,Pedestrian Collisions,Pedestrian,70 to 74,Major,,North,Other,,,,Vehicle is reversing and hits pedestrian,"Crossing, no Traffic Control",Normal,Yes,,,,,,,,,,,59,Danforth East York (59)
8032,2012,2012-08-25T04:00:00,810,8,CARLTON ST,SHERBOURNE ST,,Minor Arterial,Toronto and East York,13,51,43.663245,-79.37259,Mid-Block,,No Control,Clear,Daylight,Dry,Fatal,Pedestrian Collisions,Driver,30 to 34,None,,East,"Automobile, Station Wagon",Going Ahead,Driving Properly,Normal,,,,Yes,Yes,,,,,,,,,,73,Moss Park (73)
8033,2012,2012-08-25T04:00:00,810,8,CARLTON ST,SHERBOURNE ST,,Minor Arterial,Toronto and East York,13,51,43.663245,-79.37259,Mid-Block,,No Control,Clear,Daylight,Dry,Fatal,Pedestrian Collisions,Pedestrian,60 to 64,Fatal,28,North,Other,,,,Pedestrian hit at mid-block,Coming From Behind Parked Vehicle,Unknown,Yes,Yes,,,,,,,,,,73,Moss Park (73)
11522,2015,2015-10-06T04:00:00,810,8,COXWELL AVE,EARL HAIG AVE,,Minor Arterial,Toronto and East York,,55,43.681132,-79.322696,Intersection,Intersection Related,Pedestrian Crossover,Clear,Daylight,Dry,Non-Fatal Injury,Pedestrian Collisions,Driver,35 to 39,None,,South,"Automobile, Station Wagon",Going Ahead,Failed to Yield Right of Way,Inattentive,,,,Yes,Yes,,,,,,Yes,,,,64,Woodbine Corridor (64)
11523,2015,2015-10-06T04:00:00,810,8,COXWELL AVE,EARL HAIG AVE,,Minor Arterial,Toronto and East York,,55,43.681132,-79.322696,Intersection,Intersection Related,Pedestrian Crossover,Clear,Daylight,Dry,Non-Fatal Injury,Pedestrian Collisions,Pedestrian,10 to 14,Major,,East,,,,,Pedestrian hit a PXO/ped. Mid-block signal,"Crossing, Pedestrian Crossover",Normal,Yes,Yes,,,,,,Yes,,,,64,Woodbine Corridor (64)
4698,2009,2009-07-31T04:00:00,812,8,KINGSTON RD,MAIN ST,,Major Arterial,Toronto and East York,19,55,43.678845,-79.29799,Intersection,At Intersection,Traffic Signal,Clear,Daylight,Dry,Non-Fatal Injury,Pedestrian Collisions,Vehicle Owner,unknown,,,,Other,,,,,,,Yes,Yes,,,,,,,,,,63,The Beaches (63)
4699,2009,2009-07-31T04:00:00,812,8,KINGSTON RD,MAIN ST,,Major Arterial,Toronto and East York,19,55,43.678845,-79.29799,Intersection,At Intersection,Traffic Signal,Clear,Daylight,Dry,Non-Fatal Injury,Pedestrian Collisions,Driver,35 to 39,None,,West,"Automobile, Station Wagon",Going Ahead,Driving Properly,Normal,,,,Yes,Yes,,,,,,,,,,63,The Beaches (63)
4700,2009,2009-07-31T04:00:00,812,8,KINGSTON RD,MAIN ST,,Major Arterial,Toronto and East York,19,55,43.678845,-79.29799,Intersection,At Intersection,Traffic Signal,Clear,Daylight,Dry,Non-Fatal Injury,Pedestrian Collisions,Pedestrian,40 to 44,Major,,South,Other,,,,Vehicle is going straight thru inter.while ped cross without ROW,Crossing without right of way,Normal,Yes,Yes,,,,,,,,,,63,The Beaches (63)
13455,2016,2016-11-14T05:00:00,814,8,ARAGON AVE,SHEPPARD AVE E,,Major Arterial,Scarborough,22,42,43.77949,-79.304355,Intersection,At Intersection,Traffic Signal,Clear,Daylight,Dry,Fatal,Pedestrian Collisions,Driver,unknown,None,,North,Pick Up Truck,Turning Right,Failed to Yield Right of Way,Unknown,,,,Yes,Yes,,,,,,Yes,,,,118,Tam O'Shanter-Sullivan (118)
13456,2016,2016-11-14T05:00:00,814,8,ARAGON AVE,SHEPPARD AVE E,,Major Arterial,Scarborough,22,42,43.77949,-79.304355,Intersection,At Intersection,Traffic Signal,Clear,Daylight,Dry,Fatal,Pedestrian Collisions,Pedestrian,75 to 79,Fatal,72,East,,,,,Vehicle turns right while ped crosses with ROW at inter.,Crossing with right of way,Normal,Yes,Yes,,,,,,Yes,,,,118,Tam O'Shanter-Sullivan (118)
1226,2007,2007-03-28T04:00:00,815,8,BURBANK DR,WHITTAKER CRES,,Local,North York,17,33,43.772445,-79.37729,Intersection,,Stop Sign,Clear,Daylight,Dry,Non-Fatal Injury,Pedestrian Collisions,Pedestrian,75 to 79,Major,,West,Other,,,,Vehicle turns left while ped crosses with ROW at inter.,Crossing with right of way,Normal,Yes,Yes,,,,Yes,,Yes,,,,52,Bayview Village (52)
1230,2007,2007-03-28T04:00:00,815,8,BURBANK DR,WHITTAKER CRES,,Local,North York,17,33,43.772445,-79.37729,Intersection,,Stop Sign,Clear,Daylight,Dry,Non-Fatal Injury,Pedestrian Collisions,Passenger,0 to 4,None,,,Other,,,,,,,Yes,Yes,,,,Yes,,Yes,,,,52,Bayview Village (52)
1234,2007,2007-03-28T04:00:00,815,8,BURBANK DR,WHITTAKER CRES,,Local,North York,17,33,43.772445,-79.37729,Intersection,,Stop Sign,Clear,Daylight,Dry,Non-Fatal Injury,Pedestrian Collisions,Passenger,5 to 9,None,,,Other,,,,,,,Yes,Yes,,,,Yes,,Yes,,,,52,Bayview Village (52)
1239,2007,2007-03-28T04:00:00,815,8,BURBANK DR,WHITTAKER CRES,,Local,North York,17,33,43.772445,-79.37729,Intersection,,Stop Sign,Clear,Daylight,Dry,Non-Fatal Injury,Pedestrian Collisions,Passenger,5 to 9,None,,,Other,,,,,,,Yes,Yes,,,,Yes,,Yes,,,,52,Bayview Village (52)
1243,2007,2007-03-28T04:00:00,815,8,BURBANK DR,WHITTAKER CRES,,Local,North York,17,33,43.772445,-79.37729,Intersection,,Stop Sign,Clear,Daylight,Dry,Non-Fatal Injury,Pedestrian Collisions,Passenger,25 to 29,None,,,Other,,,,,,,Yes,Yes,,,,Yes,,Yes,,,,52,Bayview Village (52)
1248,2007,2007-03-28T04:00:00,815,8,BURBANK DR,WHITTAKER CRES,,Local,North York,17,33,43.772445,-79.37729,Intersection,,Stop Sign,Clear,Daylight,Dry,Non-Fatal Injury,Pedestrian Collisions,Driver,35 to 39,None,,East,"Automobile, Station Wagon",Turning Left,Failed to Yield Right of Way,Inattentive,,,,Yes,Yes,,,,Yes,,Yes,,,,52,Bayview Village (52)
3795,2008,2008-06-26T04:00:00,815,8,VICTORIA PARK AVE,PEARD RD,,Major Arterial,Toronto and East York,,41,43.710645,-79.29679,Mid-Block,At Intersection,No Control,Clear,Daylight,Dry,Non-Fatal Injury,Pedestrian Collisions,Driver,15 to 19,None,,North,"Automobile, Station Wagon",Going Ahead,Failed to Yield Right of Way,Normal,,,,Yes,Yes,,,,,,Yes,,,,120,Clairlea-Birchmount (120)
3796,2008,2008-06-26T04:00:00,815,8,VICTORIA PARK AVE,PEARD RD,,Major Arterial,Toronto and East York,,41,43.710645,-79.29679,Mid-Block,At Intersection,No Control,Clear,Daylight,Dry,Non-Fatal Injury,Pedestrian Collisions,Pedestrian,20 to 24,Minor,,,Other,Unknown,,,Pedestrian hit on sidewalk or shoulder,On Sidewalk or Shoulder,Normal,Yes,Yes,,,,,,Yes,,,,120,Clairlea-Birchmount (120)
3797,2008,2008-06-26T04:00:00,815,8,VICTORIA PARK AVE,PEARD RD,,Major Arterial,Toronto and East York,,41,43.710645,-79.29679,Mid-Block,At Intersection,No Control,Clear,Daylight,Dry,Non-Fatal Injury,Pedestrian Collisions,Pedestrian,85 to 89,Major,,,Other,Unknown,,,Pedestrian hit on sidewalk or shoulder,On Sidewalk or Shoulder,Normal,Yes,Yes,,,,,,Yes,,,,120,Clairlea-Birchmount (120)
5646,2009,2009-10-09T04:00:00,815,8,REDCLIFF BLVD,COOLHURST DR,,Local,Etobicoke York,1,23,43.718945,-79.56899,Intersection,At Intersection,No Control,Rain,Daylight,Wet,Non-Fatal Injury,Pedestrian Collisions,Driver,35 to 39,None,,South,"Automobile, Station Wagon",Turning Left,Failed to Yield Right of Way,Normal,,,,Yes,Yes,,,,,,Yes,,,,4,Rexdale-Kipling (4)
5649,2009,2009-10-09T04:00:00,815,8,REDCLIFF BLVD,COOLHURST DR,,Local,Etobicoke York,1,23,43.718945,-79.56899,Intersection,At Intersection,No Control,Rain,Daylight,Wet,Non-Fatal Injury,Pedestrian Collisions,Pedestrian,75 to 79,Major,,North,Other,,,,Vehicle turns left while ped crosses with ROW at inter.,Crossing with right of way,Normal,Yes,Yes,,,,,,Yes,,,,4,Rexdale-Kipling (4)
6635,2010,2010-10-08T04:00:00,815,8,ALBION RD,SANAGAN RD,,Major Arterial,Etobicoke York,1,23,43.738945,-79.57619,Intersection,At Intersection,Traffic Signal,Clear,Daylight,Dry,Non-Fatal Injury,Pedestrian Collisions,Driver,45 to 49,None,,East,"Automobile, Station Wagon",Going Ahead,Disobeyed Traffic Control,Inattentive,,,,Yes,Yes,,,,,,Yes,Yes,,,3,Thistletown-Beaumond Heights (3)
6636,2010,2010-10-08T04:00:00,815,8,ALBION RD,SANAGAN RD,,Major Arterial,Etobicoke York,1,23,43.738945,-79.57619,Intersection,At Intersection,Traffic Signal,Clear,Daylight,Dry,Non-Fatal Injury,Pedestrian Collisions,Pedestrian,70 to 74,Major,,North,Other,,,,Vehicle is going straight thru inter.while ped cross with ROW,Crossing with right of way,Unknown,Yes,Yes,,,,,,Yes,Yes,,,3,Thistletown-Beaumond Heights (3)
15196,2019,2019-02-20T05:00:00,815,8,GERRARD ST E,MARJORY AV,39 m West of,Minor Arterial,Toronto and East York,14,55,43.6687,-79.338024,Mid-Block,Non Intersection,No Control,Clear,Daylight,Wet,Non-Fatal Injury,Pedestrian Collisions,Truck Driver,50 to 54,None,,South,Truck-Tractor,Turning Right,Failed to Yield Right of Way,Normal,,,,Yes,,Yes,,,,,Yes,,,,70,South Riverdale (70)
15197,2019,2019-02-20T05:00:00,815,8,GERRARD ST E,MARJORY AV,39 m West of,Minor Arterial,Toronto and East York,14,55,43.6687,-79.338024,Mid-Block,Non Intersection,No Control,Clear,Daylight,Wet,Non-Fatal Injury,Pedestrian Collisions,Pedestrian,70 to 74,Major,,,,,,,,,Normal,Yes,,Yes,,,,,Yes,,,,70,South Riverdale (70)
3857,2008,2008-01-28T05:00:00,817,8,MCNICOLL AVE,LA PEER BLVD,,Minor Arterial,Scarborough,22,42,43.807545,-79.31549,Intersection,,Stop Sign,Clear,Daylight,Dry,Non-Fatal Injury,Pedestrian Collisions,Driver,55 to 59,None,,North,"Automobile, Station Wagon",Turning Left,Failed to Yield Right of Way,Inattentive,,,,Yes,Yes,,,,,,Yes,,,,116,Steeles (116)
3858,2008,2008-01-28T05:00:00,817,8,MCNICOLL AVE,LA PEER BLVD,,Minor Arterial,Scarborough,22,42,43.807545,-79.31549,Intersection,,Stop Sign,Clear,Daylight,Dry,Non-Fatal Injury,Pedestrian Collisions,Pedestrian,70 to 74,Major,,South,Other,,,,Vehicle turns left while ped crosses with ROW at inter.,Crossing with right of way,Medical or Physical Disability,Yes,Yes,,,,,,Yes,,,,116,Steeles (116)
6770,2010,2010-10-22T04:00:00,817,8,INTERNATIONAL BLVD,CARLINGVIEW DR,,Major Arterial,Etobicoke York,1,23,43.676845,-79.59109,Intersection,At Intersection,Traffic Signal,Clear,Daylight,Dry,Non-Fatal Injury,Pedestrian Collisions,Driver,55 to 59,None,,South,"Automobile, Station Wagon",Turning Left,Failed to Yield Right of Way,Normal,,,,Yes,Yes,,,,,,Yes,,,,1,West Humber-Clairville (1)
6771,2010,2010-10-22T04:00:00,817,8,INTERNATIONAL BLVD,CARLINGVIEW DR,,Major Arterial,Etobicoke York,1,23,43.676845,-79.59109,Intersection,At Intersection,Traffic Signal,Clear,Daylight,Dry,Non-Fatal Injury,Pedestrian Collisions,Pedestrian,55 to 59,Major,,North,Other,,,,Vehicle turns left while ped crosses with ROW at inter.,Crossing with right of way,Normal,Yes,Yes,,,,,,Yes,,,,1,West Humber-Clairville (1)
6658,2010,2010-11-17T05:00:00,818,8,DUNDAS ST W,KENNETH AVE,,Minor Arterial,Toronto and East York,4,11,43.662445,-79.45589,Intersection,,No Control,Rain,Daylight,Wet,Fatal,Pedestrian Collisions,Vehicle Owner,unknown,,,,Other,,,,,,,Yes,,Yes,,,,,,,,,88,High Park North (88)
6660,2010,2010-11-17T05:00:00,818,8,DUNDAS ST W,KENNETH AVE,,Minor Arterial,Toronto and East York,4,11,43.662445,-79.45589,Intersection,,No Control,Rain,Daylight,Wet,Fatal,Pedestrian Collisions,Truck Driver,30 to 34,None,,North,Truck - Open,Going Ahead,Driving Properly,Normal,,,,Yes,,Yes,,,,,,,,,88,High Park North (88)
6663,2010,2010-11-17T05:00:00,818,8,DUNDAS ST W,KENNETH AVE,,Minor Arterial,Toronto and East York,4,11,43.662445,-79.45589,Intersection,,No Control,Rain,Daylight,Wet,Fatal,Pedestrian Collisions,Pedestrian,50 to 54,Fatal,35,West,Other,,,,Vehicle is going straight thru inter.while ped cross without ROW,"Crossing, no Traffic Control",Unknown,Yes,,Yes,,,,,,,,,88,High Park North (88)
1603,2007,2007-03-05T05:00:00,819,8,DON MILLS RD,SENECA HILL DR,,Major Arterial,North York,17,33,43.790245,-79.35419,Intersection,At Intersection,Traffic Signal,Clear,Daylight,Dry,Non-Fatal Injury,Pedestrian Collisions,Driver,35 to 39,None,,West,"Automobile, Station Wagon",Going Ahead,Driving Properly,Normal,,,,Yes,Yes,,,,,,Yes,Yes,,,47,Don Valley Village (47)
1605,2007,2007-03-05T05:00:00,819,8,DON MILLS RD,SENECA HILL DR,,Major Arterial,North York,17,33,43.790245,-79.35419,Intersection,At Intersection,Traffic Signal,Clear,Daylight,Dry,Non-Fatal Injury,Pedestrian Collisions,Driver,35 to 39,None,,South,"Automobile, Station Wagon",Going Ahead,Disobeyed Traffic Control,Normal,,,,Yes,Yes,,,,,,Yes,Yes,,,47,Don Valley Village (47)
1610,2007,2007-03-05T05:00:00,819,8,DON MILLS RD,SENECA HILL DR,,Major Arterial,North York,17,33,43.790245,-79.35419,Intersection,At Intersection,Traffic Signal,Clear,Daylight,Dry,Non-Fatal Injury,Pedestrian Collisions,Pedestrian,10 to 14,Major,,West,Other,,,,Vehicle is going straight thru inter.while ped cross with ROW,Crossing with right of way,Normal,Yes,Yes,,,,,,Yes,Yes,,,47,Don Valley Village (47)
12557,2015,2015-12-25T05:00:00,819,8,QUEEN ST W,TRINITY DR,1 m East of,Major Arterial,Toronto and East York,10,14,43.645293,-79.413158,Intersection,At Intersection,Traffic Signal,Clear,Daylight,Dry,Non-Fatal Injury,Pedestrian Collisions,Driver,30 to 34,None,,East,Street Car,Going Ahead,Driving Properly,Normal,,,,Yes,,,Yes,,,,,,,,82,Niagara (82)
12675,2015,2015-12-25T05:00:00,819,8,QUEEN ST W,TRINITY DR,1 m East of,Major Arterial,Toronto and East York,10,14,43.645293,-79.413158,Intersection,At Intersection,Traffic Signal,Clear,Daylight,Dry,Non-Fatal Injury,Pedestrian Collisions,Pedestrian,35 to 39,Major,,South,,,,,Pedestrian involved in a collision with transit vehicle anywhere along roadway,Other,Other,Yes,,,Yes,,,,,,,,82,Niagara (82)
2460,2008,2008-01-11T05:00:00,820,8,LONEY AVE,DALLNER RD,,Local,Etobicoke York,7,31,43.722345,-79.51489,Intersection,At Intersection,Stop Sign,Clear,Daylight,Wet,Non-Fatal Injury,Pedestrian Collisions,Driver,65 to 69,None,,West,"Automobile, Station Wagon",Turning Left,Failed to Yield Right of Way,Normal,,,,Yes,Yes,,,,,,Yes,,,,26,Downsview-Roding-CFB (26)
2461,2008,2008-01-11T05:00:00,820,8,LONEY AVE,DALLNER RD,,Local,Etobicoke York,7,31,43.722345,-79.51489,Intersection,At Intersection,Stop Sign,Clear,Daylight,Wet,Non-Fatal Injury,Pedestrian Collisions,Pedestrian,80 to 84,Major,,East,Other,,,,Vehicle turns left while ped crosses with ROW at inter.,Crossing with right of way,Inattentive,Yes,Yes,,,,,,Yes,,,,26,Downsview-Roding-CFB (26)
2774,2007,2007-09-14T04:00:00,820,8,AUKLAND RD,SUBWAY CRES W,,Major Arterial,Etobicoke York,3,22,43.638345,-79.53769,Mid-Block,,No Control,Clear,Daylight,Dry,Non-Fatal Injury,Pedestrian Collisions,Driver,20 to 24,None,,North,"Automobile, Station Wagon",Going Ahead,Driving Properly,Normal,,,,Yes,Yes,,,,,,,,,,14,Islington-City Centre West (14)
2775,2007,2007-09-14T04:00:00,820,8,AUKLAND RD,SUBWAY CRES W,,Major Arterial,Etobicoke York,3,22,43.638345,-79.53769,Mid-Block,,No Control,Clear,Daylight,Dry,Non-Fatal Injury,Pedestrian Collisions,Pedestrian,35 to 39,Major,,West,Other,,,,Pedestrian hit at mid-block,"Crossing, no Traffic Control",Inattentive,Yes,Yes,,,,,,,,,,14,Islington-City Centre West (14)
11471,2015,2015-03-10T04:00:00,820,8,WARDEN AVE,CONTINENTAL PL,10 m North of,Major Arterial,Scarborough,21,41,43.763491,-79.301257,Intersection,At Intersection,No Control,Clear,Daylight,Dry,Non-Fatal Injury,Pedestrian Collisions,Driver,30 to 34,None,,North,"Automobile, Station Wagon",Going Ahead,Driving Properly,Normal,,,,Yes,Yes,,,,Yes,,,,,,119,Wexford/Maryvale (119)