_id,YEAR,DATE,TIME,HOUR,STREET1,STREET2,OFFSET,ROAD_CLASS,District,WardNum,Division,LATITUDE,LONGITUDE,LOCCOORD,ACCLOC,TRAFFCTL,VISIBILITY,LIGHT,RDSFCOND,ACCLASS,IMPACTYPE,INVTYPE,INVAGE,INJURY,FATAL_NO,INITDIR,VEHTYPE,MANOEUVER,DRIVACT,DRIVCOND,PEDTYPE,PEDACT,PEDCOND,PEDESTRIAN,AUTOMOBILE,TRUCK,TRSN_CITY_VEH,EMERG_VEH,PASSENGER,SPEEDING,AG_DRIV,REDLIGHT,ALCOHOL,DISABILITY,Hood_ID,Neighbourhood
11472,2015,2015-03-10T04:00:00,820,8,WARDEN AVE,CONTINENTAL PL,10 m North of,Major Arterial,Scarborough,21,41,43.763491,-79.301257,Intersection,At Intersection,No Control,Clear,Daylight,Dry,Non-Fatal Injury,Pedestrian Collisions,Passenger,30 to 34,None,,,,,,,,,,Yes,Yes,,,,Yes,,,,,,119,Wexford/Maryvale (119)
11473,2015,2015-03-10T04:00:00,820,8,WARDEN AVE,CONTINENTAL PL,10 m North of,Major Arterial,Scarborough,21,41,43.763491,-79.301257,Intersection,At Intersection,No Control,Clear,Daylight,Dry,Non-Fatal Injury,Pedestrian Collisions,Pedestrian,45 to 49,Major,,Unknown,,,,,Vehicle is going straight thru inter.while ped cross without ROW,"Crossing, no Traffic Control",Inattentive,Yes,Yes,,,,Yes,,,,,,119,Wexford/Maryvale (119)
12572,2016,2016-05-17T04:00:00,820,8,2632 EGLINTON AVE E,,18 m East of,Major Arterial,Scarborough,,41,43.735991,-79.25098,Mid-Block,Non Intersection,No Control,Clear,Daylight,Dry,Non-Fatal Injury,Pedestrian Collisions,Driver,60 to 64,None,,West,Passenger Van,Going Ahead,Driving Properly,Normal,,,,Yes,Yes,,,,Yes,,,,,,124,Kennedy Park (124)
12573,2016,2016-05-17T04:00:00,820,8,2632 EGLINTON AVE E,,18 m East of,Major Arterial,Scarborough,,41,43.735991,-79.25098,Mid-Block,Non Intersection,No Control,Clear,Daylight,Dry,Non-Fatal Injury,Pedestrian Collisions,Passenger,30 to 34,None,,,,,,,,,,Yes,Yes,,,,Yes,,,,,,124,Kennedy Park (124)
12574,2016,2016-05-17T04:00:00,820,8,2632 EGLINTON AVE E,,18 m East of,Major Arterial,Scarborough,,41,43.735991,-79.25098,Mid-Block,Non Intersection,No Control,Clear,Daylight,Dry,Non-Fatal Injury,Pedestrian Collisions,Pedestrian,75 to 79,Major,,North,,,,,Pedestrian hit at mid-block,"Crossing, no Traffic Control",Normal,Yes,Yes,,,,Yes,,,,,,124,Kennedy Park (124)
14815,2018,2018-03-05T05:00:00,820,8,DUFFERIN ST,CASTLEFIELD AVE,28 m North of,Major Arterial,North York,8,13,43.700686,-79.451724,Intersection,Intersection Related,Traffic Signal,Clear,Daylight,Dry,Non-Fatal Injury,Pedestrian Collisions,Pedestrian,75 to 79,Major,,East,,,,,Pedestrian hit at mid-block,"Crossing, no Traffic Control",Normal,Yes,Yes,,,,Yes,,,,,,108,Briar Hill-Belgravia (108)
14816,2018,2018-03-05T05:00:00,820,8,DUFFERIN ST,CASTLEFIELD AVE,28 m North of,Major Arterial,North York,8,13,43.700686,-79.451724,Intersection,Intersection Related,Traffic Signal,Clear,Daylight,Dry,Non-Fatal Injury,Pedestrian Collisions,Passenger,50 to 54,None,,,,,,,,,,Yes,Yes,,,,Yes,,,,,,108,Briar Hill-Belgravia (108)
14817,2018,2018-03-05T05:00:00,820,8,DUFFERIN ST,CASTLEFIELD AVE,28 m North of,Major Arterial,North York,8,13,43.700686,-79.451724,Intersection,Intersection Related,Traffic Signal,Clear,Daylight,Dry,Non-Fatal Injury,Pedestrian Collisions,Passenger,20 to 24,None,,,,,,,,,,Yes,Yes,,,,Yes,,,,,,108,Briar Hill-Belgravia (108)
14818,2018,2018-03-05T05:00:00,820,8,DUFFERIN ST,CASTLEFIELD AVE,28 m North of,Major Arterial,North York,8,13,43.700686,-79.451724,Intersection,Intersection Related,Traffic Signal,Clear,Daylight,Dry,Non-Fatal Injury,Pedestrian Collisions,Driver,50 to 54,None,,South,"Automobile, Station Wagon",Slowing or Stopping,Driving Properly,Normal,,,,Yes,Yes,,,,Yes,,,,,,108,Briar Hill-Belgravia (108)
15647,2018,2018-09-29T04:00:00,820,8,ESQUIRE RD,VICTORIA PARK AVE,,Major Arterial,North York,,42,43.773429,-79.32217,Intersection,At Intersection,Stop Sign,Clear,Daylight,Dry,Non-Fatal Injury,Pedestrian Collisions,Driver,unknown,None,,East,"Automobile, Station Wagon",Unknown,Failed to Yield Right of Way,Unknown,,,,Yes,Yes,,,,,,Yes,,,,118,Tam O'Shanter-Sullivan (118)
15732,2018,2018-09-29T04:00:00,820,8,ESQUIRE RD,VICTORIA PARK AVE,,Major Arterial,North York,,42,43.773429,-79.32217,Intersection,At Intersection,Stop Sign,Clear,Daylight,Dry,Non-Fatal Injury,Pedestrian Collisions,Pedestrian,80 to 84,Major,,North,,,,,Vehicle is going straight thru inter.while ped cross with ROW,Crossing with right of way,Normal,Yes,Yes,,,,,,Yes,,,,118,Tam O'Shanter-Sullivan (118)
6899,2010,2010-12-08T05:00:00,821,8,4472 STEELES AVE E,,,Major Arterial,Scarborough,22,42,43.821845,-79.31499,Mid-Block,,No Control,Clear,Daylight,Dry,Non-Fatal Injury,Pedestrian Collisions,Vehicle Owner,unknown,,,,Other,,,,,,,Yes,Yes,,,,,,,,,,116,Steeles (116)
6900,2010,2010-12-08T05:00:00,821,8,4472 STEELES AVE E,,,Major Arterial,Scarborough,22,42,43.821845,-79.31499,Mid-Block,,No Control,Clear,Daylight,Dry,Non-Fatal Injury,Pedestrian Collisions,Driver,40 to 44,None,,South,"Automobile, Station Wagon",Turning Left,Driving Properly,Inattentive,,,,Yes,Yes,,,,,,,,,,116,Steeles (116)
6901,2010,2010-12-08T05:00:00,821,8,4472 STEELES AVE E,,,Major Arterial,Scarborough,22,42,43.821845,-79.31499,Mid-Block,,No Control,Clear,Daylight,Dry,Non-Fatal Injury,Pedestrian Collisions,Pedestrian,60 to 64,Major,,East,Other,,,,Pedestrian hit at private driveway,On Sidewalk or Shoulder,Normal,Yes,Yes,,,,,,,,,,116,Steeles (116)
5802,2010,2010-06-06T04:00:00,822,8,UNIVERSITY AVE,ORDE ST,,Major Arterial,Toronto and East York,11,52,43.658744,-79.389987,Intersection,,No Control,Rain,Daylight,Wet,Fatal,Pedestrian Collisions,Vehicle Owner,unknown,,,,Other,,,,,,,Yes,,,Yes,,,,,,,,76,Bay Street Corridor (76)
5803,2010,2010-06-06T04:00:00,822,8,UNIVERSITY AVE,ORDE ST,,Major Arterial,Toronto and East York,11,52,43.658744,-79.389987,Intersection,,No Control,Rain,Daylight,Wet,Fatal,Pedestrian Collisions,Driver,30 to 34,None,,South,Municipal Transit Bus (TTC),Going Ahead,Driving Properly,Normal,,,,Yes,,,Yes,,,,,,,,76,Bay Street Corridor (76)
5804,2010,2010-06-06T04:00:00,822,8,UNIVERSITY AVE,ORDE ST,,Major Arterial,Toronto and East York,11,52,43.658744,-79.389987,Intersection,,No Control,Rain,Daylight,Wet,Fatal,Pedestrian Collisions,Pedestrian,40 to 44,Fatal,22,West,Other,,,,Vehicle is going straight thru inter.while ped cross without ROW,"Crossing, no Traffic Control",Unknown,Yes,,,Yes,,,,,,,,76,Bay Street Corridor (76)
11087,2015,2015-05-22T04:00:00,822,8,DON MILLS RD,GREEN BELT DR,,Major Arterial,North York,16,33,43.727645,-79.340846,Intersection,Intersection Related,Traffic Signal,Clear,Daylight,Dry,Fatal,Pedestrian Collisions,Driver,25 to 29,None,,South,"Automobile, Station Wagon",Turning Left,Failed to Yield Right of Way,Normal,,,,Yes,Yes,,,,,,Yes,,,,42,Banbury-Don Mills (42)
11088,2015,2015-05-22T04:00:00,822,8,DON MILLS RD,GREEN BELT DR,,Major Arterial,North York,16,33,43.727645,-79.340846,Intersection,Intersection Related,Traffic Signal,Clear,Daylight,Dry,Fatal,Pedestrian Collisions,Driver,45 to 49,Minor,,North,"Automobile, Station Wagon",Going Ahead,Driving Properly,Normal,,,,Yes,Yes,,,,,,Yes,,,,42,Banbury-Don Mills (42)
11089,2015,2015-05-22T04:00:00,822,8,DON MILLS RD,GREEN BELT DR,,Major Arterial,North York,16,33,43.727645,-79.340846,Intersection,Intersection Related,Traffic Signal,Clear,Daylight,Dry,Fatal,Pedestrian Collisions,Pedestrian,45 to 49,Fatal,22,Unknown,,,,,Pedestrian hit on sidewalk or shoulder,On Sidewalk or Shoulder,Normal,Yes,Yes,,,,,,Yes,,,,42,Banbury-Don Mills (42)
11090,2015,2015-05-22T04:00:00,822,8,DON MILLS RD,GREEN BELT DR,,Major Arterial,North York,16,33,43.727645,-79.340846,Intersection,Intersection Related,Traffic Signal,Clear,Daylight,Dry,Fatal,Pedestrian Collisions,Pedestrian,15 to 19,Minor,,Unknown,,,,,Pedestrian hit on sidewalk or shoulder,On Sidewalk or Shoulder,Normal,Yes,Yes,,,,,,Yes,,,,42,Banbury-Don Mills (42)
6038,2010,2010-07-22T04:00:00,823,8,OAKWOOD AVE,ROGERS RD,,Minor Arterial,Toronto and East York,,13,43.687145,-79.43869,Intersection,At Intersection,Traffic Signal,Clear,Daylight,Dry,Non-Fatal Injury,Pedestrian Collisions,Driver,25 to 29,None,,East,"Automobile, Station Wagon",Turning Left,Failed to Yield Right of Way,Inattentive,,,,Yes,Yes,,,,,,Yes,,,,107,Oakwood Village (107)
6039,2010,2010-07-22T04:00:00,823,8,OAKWOOD AVE,ROGERS RD,,Minor Arterial,Toronto and East York,,13,43.687145,-79.43869,Intersection,At Intersection,Traffic Signal,Clear,Daylight,Dry,Non-Fatal Injury,Pedestrian Collisions,Pedestrian,20 to 24,Major,,West,Other,,,,Vehicle turns left while ped crosses with ROW at inter.,Crossing with right of way,Normal,Yes,Yes,,,,,,Yes,,,,107,Oakwood Village (107)
6041,2010,2010-07-22T04:00:00,823,8,OAKWOOD AVE,ROGERS RD,,Minor Arterial,Toronto and East York,,13,43.687145,-79.43869,Intersection,At Intersection,Traffic Signal,Clear,Daylight,Dry,Non-Fatal Injury,Pedestrian Collisions,Vehicle Owner,unknown,,,,Other,,,,,,,Yes,Yes,,,,,,Yes,,,,107,Oakwood Village (107)
13288,2016,2016-10-20T04:00:00,823,8,MIDWEST RD,MIDLAND AVE,,Major Arterial,Scarborough,21,41,43.753928,-79.265865,Intersection,Intersection Related,Stop Sign,Rain,Daylight,Wet,Non-Fatal Injury,Pedestrian Collisions,Driver,55 to 59,None,,South,Passenger Van,Going Ahead,Driving Properly,Normal,,,,Yes,Yes,,,,,Yes,Yes,,,,127,Bendale (127)
13289,2016,2016-10-20T04:00:00,823,8,MIDWEST RD,MIDLAND AVE,,Major Arterial,Scarborough,21,41,43.753928,-79.265865,Intersection,Intersection Related,Stop Sign,Rain,Daylight,Wet,Non-Fatal Injury,Pedestrian Collisions,Pedestrian,15 to 19,Major,,East,,,,,Vehicle is going straight thru inter.while ped cross without ROW,"Crossing, no Traffic Control",Normal,Yes,Yes,,,,,Yes,Yes,,,,127,Bendale (127)
780,2006,2006-07-11T04:00:00,825,8,MEADOWVALE RD,ROTARY DR,,Minor Arterial,Scarborough,25,42,43.807445,-79.17039,Mid-Block,,No Control,Clear,Daylight,Dry,Non-Fatal Injury,Pedestrian Collisions,Driver,55 to 59,None,,North,Other,Turning Left,Failed to Yield Right of Way,Inattentive,,,,Yes,,,,,,,Yes,,,,131,Rouge (131)
781,2006,2006-07-11T04:00:00,825,8,MEADOWVALE RD,ROTARY DR,,Minor Arterial,Scarborough,25,42,43.807445,-79.17039,Mid-Block,,No Control,Clear,Daylight,Dry,Non-Fatal Injury,Pedestrian Collisions,Pedestrian,35 to 39,Major,,North,Other,,,,Pedestrian hit on sidewalk or shoulder,On Sidewalk or Shoulder,Normal,Yes,,,,,,,Yes,,,,131,Rouge (131)
6262,2011,2011-01-25T05:00:00,825,8,MCCOWAN RD,ST ANDREWS RD,,Major Arterial,Scarborough,,43,43.759445,-79.24659,Mid-Block,,No Control,Clear,Daylight,Wet,Non-Fatal Injury,Pedestrian Collisions,Vehicle Owner,unknown,,,,Other,,,,,,,Yes,Yes,,,,,,Yes,,,,137,Woburn (137)
6263,2011,2011-01-25T05:00:00,825,8,MCCOWAN RD,ST ANDREWS RD,,Major Arterial,Scarborough,,43,43.759445,-79.24659,Mid-Block,,No Control,Clear,Daylight,Wet,Non-Fatal Injury,Pedestrian Collisions,Driver,65 to 69,Minimal,,South,"Automobile, Station Wagon",Going Ahead,Failed to Yield Right of Way,Fatigue,,,,Yes,Yes,,,,,,Yes,,,,137,Woburn (137)
6264,2011,2011-01-25T05:00:00,825,8,MCCOWAN RD,ST ANDREWS RD,,Major Arterial,Scarborough,,43,43.759445,-79.24659,Mid-Block,,No Control,Clear,Daylight,Wet,Non-Fatal Injury,Pedestrian Collisions,Pedestrian,45 to 49,Major,,Unknown,Other,,,,Pedestrian hit at mid-block,Playing or Working on Highway,Normal,Yes,Yes,,,,,,Yes,,,,137,Woburn (137)
10471,2014,2014-03-07T05:00:00,825,8,STEELES AVE E,PHARMACY AVE,,Major Arterial,Scarborough,22,42,43.816847,-79.336452,Intersection,At Intersection,Traffic Signal,Clear,Daylight,Dry,Non-Fatal Injury,Pedestrian Collisions,Driver,25 to 29,Minimal,,East,"Automobile, Station Wagon",Going Ahead,Driving Properly,Normal,,,,Yes,Yes,,,,,,Yes,,,,116,Steeles (116)
10472,2014,2014-03-07T05:00:00,825,8,STEELES AVE E,PHARMACY AVE,,Major Arterial,Scarborough,22,42,43.816847,-79.336452,Intersection,At Intersection,Traffic Signal,Clear,Daylight,Dry,Non-Fatal Injury,Pedestrian Collisions,Driver,60 to 64,None,,North,"Automobile, Station Wagon",Stopped,Driving Properly,Normal,,,,Yes,Yes,,,,,,Yes,,,,116,Steeles (116)
10473,2014,2014-03-07T05:00:00,825,8,STEELES AVE E,PHARMACY AVE,,Major Arterial,Scarborough,22,42,43.816847,-79.336452,Intersection,At Intersection,Traffic Signal,Clear,Daylight,Dry,Non-Fatal Injury,Pedestrian Collisions,Driver,50 to 54,Minimal,,West,"Automobile, Station Wagon",Turning Left,Failed to Yield Right of Way,Normal,,,,Yes,Yes,,,,,,Yes,,,,116,Steeles (116)
10474,2014,2014-03-07T05:00:00,825,8,STEELES AVE E,PHARMACY AVE,,Major Arterial,Scarborough,22,42,43.816847,-79.336452,Intersection,At Intersection,Traffic Signal,Clear,Daylight,Dry,Non-Fatal Injury,Pedestrian Collisions,Pedestrian,30 to 34,Major,,Unknown,,,,,Pedestrian hit on sidewalk or shoulder,On Sidewalk or Shoulder,Normal,Yes,Yes,,,,,,Yes,,,,116,Steeles (116)
12464,2015,2015-11-14T05:00:00,825,8,1996 BATHURST ST,,,Major Arterial,Toronto and East York,12,13,43.699485,-79.424945,Mid-Block,Non Intersection,No Control,Clear,Daylight,Dry,Fatal,Pedestrian Collisions,Pedestrian,85 to 89,Fatal,65,,"Automobile, Station Wagon",,,,Pedestrian hit at parking lot,Other,Normal,Yes,Yes,,,,,,,,,,101,Forest Hill South (101)
13674,2017,2017-07-18T04:00:00,825,8,VICTORIA PARK AVE,FINCH AVE E,,Major Arterial,North York,,42,43.793036,-79.331371,Intersection,At Intersection,Traffic Signal,Clear,Daylight,Dry,Non-Fatal Injury,Pedestrian Collisions,Driver,35 to 39,None,,South,Delivery Van,Going Ahead,Driving Properly,Normal,,,,Yes,Yes,,,,Yes,,,,,,117,L'Amoreaux (117)
13675,2017,2017-07-18T04:00:00,825,8,VICTORIA PARK AVE,FINCH AVE E,,Major Arterial,North York,,42,43.793036,-79.331371,Intersection,At Intersection,Traffic Signal,Clear,Daylight,Dry,Non-Fatal Injury,Pedestrian Collisions,Pedestrian,15 to 19,Major,,East,,,,,Vehicle is going straight thru inter.while ped cross without ROW,Crossing without right of way,Inattentive,Yes,Yes,,,,Yes,,,,,,117,L'Amoreaux (117)
13676,2017,2017-07-18T04:00:00,825,8,VICTORIA PARK AVE,FINCH AVE E,,Major Arterial,North York,,42,43.793036,-79.331371,Intersection,At Intersection,Traffic Signal,Clear,Daylight,Dry,Non-Fatal Injury,Pedestrian Collisions,Passenger,45 to 49,None,,,,,,,,,,Yes,Yes,,,,Yes,,,,,,117,L'Amoreaux (117)
15562,2018,2018-11-14T05:00:00,827,8,KEELE ST,FOUR WINDS  DR,,Major Arterial,Etobicoke York,,31,43.765643,-79.491611,Intersection,At Intersection,Traffic Signal,Clear,Daylight,Dry,Non-Fatal Injury,Pedestrian Collisions,Driver,20 to 24,Minimal,,North,"Automobile, Station Wagon",Turning Left,Failed to Yield Right of Way,Normal,,,,Yes,Yes,,,,,,Yes,Yes,,,27,York University Heights (27)
15563,2018,2018-11-14T05:00:00,827,8,KEELE ST,FOUR WINDS  DR,,Major Arterial,Etobicoke York,,31,43.765643,-79.491611,Intersection,At Intersection,Traffic Signal,Clear,Daylight,Dry,Non-Fatal Injury,Pedestrian Collisions,Driver,30 to 34,None,,South,Pick Up Truck,Going Ahead,Disobeyed Traffic Control,Normal,,,,Yes,Yes,,,,,,Yes,Yes,,,27,York University Heights (27)
15564,2018,2018-11-14T05:00:00,827,8,KEELE ST,FOUR WINDS  DR,,Major Arterial,Etobicoke York,,31,43.765643,-79.491611,Intersection,At Intersection,Traffic Signal,Clear,Daylight,Dry,Non-Fatal Injury,Pedestrian Collisions,Pedestrian,50 to 54,Major,,Unknown,,,,,Pedestrian hit on sidewalk or shoulder,On Sidewalk or Shoulder,Normal,Yes,Yes,,,,,,Yes,Yes,,,27,York University Heights (27)
15565,2018,2018-11-14T05:00:00,827,8,KEELE ST,FOUR WINDS  DR,,Major Arterial,Etobicoke York,,31,43.765643,-79.491611,Intersection,At Intersection,Traffic Signal,Clear,Daylight,Dry,Non-Fatal Injury,Pedestrian Collisions,Pedestrian,10 to 14,Major,,Unknown,,,,,Pedestrian hit on sidewalk or shoulder,On Sidewalk or Shoulder,Normal,Yes,Yes,,,,,,Yes,Yes,,,27,York University Heights (27)
4031,2009,2009-03-11T04:00:00,828,8,LESMILL Road,DUNCAN MILL Road,,Collector,North York,16,33,43.760645,-79.35849,Intersection,At Intersection,No Control,Clear,Daylight,Dry,Non-Fatal Injury,Pedestrian Collisions,Driver,45 to 49,None,,North,Municipal Transit Bus (TTC),Turning Right,Failed to Yield Right of Way,Normal,,,,Yes,,,Yes,,,,Yes,,,,40,St.Andrew-Windfields (40)
4814,2009,2009-03-11T04:00:00,828,8,LESMILL Road,DUNCAN MILL Road,,Collector,North York,16,33,43.760645,-79.35849,Intersection,At Intersection,No Control,Clear,Daylight,Dry,Non-Fatal Injury,Pedestrian Collisions,Vehicle Owner,unknown,,,,Other,,,,,,,Yes,,,Yes,,,,Yes,,,,40,St.Andrew-Windfields (40)
4815,2009,2009-03-11T04:00:00,828,8,LESMILL Road,DUNCAN MILL Road,,Collector,North York,16,33,43.760645,-79.35849,Intersection,At Intersection,No Control,Clear,Daylight,Dry,Non-Fatal Injury,Pedestrian Collisions,Pedestrian,20 to 24,Major,,North,Other,,,,Pedestrian involved in a collision with transit vehicle anywhere along roadway,Crossing with right of way,Normal,Yes,,,Yes,,,,Yes,,,,40,St.Andrew-Windfields (40)
6272,2011,2011-02-10T05:00:00,828,8,DUNDAS ST W,NEILSON DR,,Major Arterial,Etobicoke York,,22,43.627345,-79.56239,Intersection,At Intersection,Traffic Signal,Clear,Daylight,Dry,Fatal,Pedestrian Collisions,Passenger,15 to 19,None,,,Other,,,,,,,Yes,Yes,,,,Yes,,Yes,,,,12,Markland Wood (12)
6285,2011,2011-02-10T05:00:00,828,8,DUNDAS ST W,NEILSON DR,,Major Arterial,Etobicoke York,,22,43.627345,-79.56239,Intersection,At Intersection,Traffic Signal,Clear,Daylight,Dry,Fatal,Pedestrian Collisions,Driver,45 to 49,None,,South,"Automobile, Station Wagon",Turning Left,Failed to Yield Right of Way,Inattentive,,,,Yes,Yes,,,,Yes,,Yes,,,,12,Markland Wood (12)
6286,2011,2011-02-10T05:00:00,828,8,DUNDAS ST W,NEILSON DR,,Major Arterial,Etobicoke York,,22,43.627345,-79.56239,Intersection,At Intersection,Traffic Signal,Clear,Daylight,Dry,Fatal,Pedestrian Collisions,Pedestrian,55 to 59,Fatal,5,South,Other,,,,Vehicle turns left while ped crosses with ROW at inter.,Crossing with right of way,Normal,Yes,Yes,,,,Yes,,Yes,,,,12,Markland Wood (12)
7546,2011,2011-10-05T04:00:00,829,8,LAWRENCE Aven W,LEDBURY Stre,,Major Arterial,North York,8,32,43.720845,-79.42249,Intersection,,Traffic Signal,Clear,Daylight,Dry,Non-Fatal Injury,Pedestrian Collisions,Pedestrian,40 to 44,Major,,North,Other,,,,Vehicle turns left while ped crosses without ROW at inter.,Crossing without right of way,Inattentive,Yes,Yes,,,,,,,,,,39,Bedford Park-Nortown (39)
7547,2011,2011-10-05T04:00:00,829,8,LAWRENCE Aven W,LEDBURY Stre,,Major Arterial,North York,8,32,43.720845,-79.42249,Intersection,,Traffic Signal,Clear,Daylight,Dry,Non-Fatal Injury,Pedestrian Collisions,Driver,40 to 44,None,,South,"Automobile, Station Wagon",Turning Left,Driving Properly,Normal,,,,Yes,Yes,,,,,,,,,,39,Bedford Park-Nortown (39)
1095,2007,2007-02-23T05:00:00,830,8,ST CLAIR AVE E,WARDEN AVE,,Major Arterial,Scarborough,20,41,43.712045,-79.28099,Intersection,At Intersection,Traffic Signal,Clear,Daylight,Dry,Non-Fatal Injury,Pedestrian Collisions,Driver,55 to 59,None,,East,"Automobile, Station Wagon",Turning Right,Failed to Yield Right of Way,Normal,,,,Yes,Yes,,,,,,Yes,,,,120,Clairlea-Birchmount (120)
1096,2007,2007-02-23T05:00:00,830,8,ST CLAIR AVE E,WARDEN AVE,,Major Arterial,Scarborough,20,41,43.712045,-79.28099,Intersection,At Intersection,Traffic Signal,Clear,Daylight,Dry,Non-Fatal Injury,Pedestrian Collisions,Pedestrian,55 to 59,Major,,East,Other,,,,Vehicle turns right while ped crosses with ROW at inter.,Crossing with right of way,Normal,Yes,Yes,,,,,,Yes,,,,120,Clairlea-Birchmount (120)
6283,2011,2011-02-08T05:00:00,830,8,DUFFERIN ST,GORDON ST,,Minor Arterial,Toronto and East York,9,14,43.646845,-79.43039,Intersection,At Intersection,No Control,Clear,Daylight,Dry,Non-Fatal Injury,Pedestrian Collisions,Driver,35 to 39,None,,South,"Automobile, Station Wagon",Going Ahead,Driving Properly,Normal,,,,Yes,Yes,,,,,,,,,,84,Little Portugal (84)
6284,2011,2011-02-08T05:00:00,830,8,DUFFERIN ST,GORDON ST,,Minor Arterial,Toronto and East York,9,14,43.646845,-79.43039,Intersection,At Intersection,No Control,Clear,Daylight,Dry,Non-Fatal Injury,Pedestrian Collisions,Pedestrian,10 to 14,Major,,East,Other,,,,Vehicle is going straight thru inter.while ped cross without ROW,Running onto Roadway,Inattentive,Yes,Yes,,,,,,,,,,84,Little Portugal (84)
6935,2010,2010-06-29T04:00:00,830,8,EGLINTON AVE W,SATELLITE DR,,Major Arterial,Etobicoke York,2,22,43.651545,-79.60309,Intersection,At Intersection,Traffic Signal,Clear,Daylight,Dry,Non-Fatal Injury,Pedestrian Collisions,Driver,30 to 34,None,,South,"Automobile, Station Wagon",Turning Left,Failed to Yield Right of Way,Normal,,,,Yes,Yes,,,,,,Yes,,,,11,Eringate-Centennial-West Deane (11)
6936,2010,2010-06-29T04:00:00,830,8,EGLINTON AVE W,SATELLITE DR,,Major Arterial,Etobicoke York,2,22,43.651545,-79.60309,Intersection,At Intersection,Traffic Signal,Clear,Daylight,Dry,Non-Fatal Injury,Pedestrian Collisions,Pedestrian,20 to 24,Major,,South,Other,,,,Vehicle turns left while ped crosses with ROW at inter.,Crossing with right of way,Normal,Yes,Yes,,,,,,Yes,,,,11,Eringate-Centennial-West Deane (11)
7520,2011,2011-09-28T04:00:00,830,8,BATHURST Stre,REINER Road,,Major Arterial,North York,6,32,43.752345,-79.43769,Intersection,At Intersection,Stop Sign,Clear,Daylight,Dry,Non-Fatal Injury,Pedestrian Collisions,Driver,unknown,None,,East,"Automobile, Station Wagon",Turning Right,Failed to Yield Right of Way,Inattentive,,,,Yes,Yes,,,,,,Yes,,,,38,Lansing-Westgate (38)
7521,2011,2011-09-28T04:00:00,830,8,BATHURST Stre,REINER Road,,Major Arterial,North York,6,32,43.752345,-79.43769,Intersection,At Intersection,Stop Sign,Clear,Daylight,Dry,Non-Fatal Injury,Pedestrian Collisions,Pedestrian,80 to 84,Major,,North,Other,,,,Vehicle turns right while ped crosses with ROW at inter.,Crossing with right of way,Normal,Yes,Yes,,,,,,Yes,,,,38,Lansing-Westgate (38)
8764,2012,2012-07-30T04:00:00,830,8,443 MANSE RD,,,Other,Scarborough,25,43,43.775745,-79.17729,Mid-Block,,No Control,Clear,Daylight,Dry,Non-Fatal Injury,Pedestrian Collisions,Driver,60 to 64,None,,North,"Automobile, Station Wagon",Reversing,Other,Unknown,,,,Yes,Yes,,,,,,,,,,136,West Hill (136)
8765,2012,2012-07-30T04:00:00,830,8,443 MANSE RD,,,Other,Scarborough,25,43,43.775745,-79.17729,Mid-Block,,No Control,Clear,Daylight,Dry,Non-Fatal Injury,Pedestrian Collisions,Pedestrian,80 to 84,Major,,Unknown,Other,,,,Vehicle is reversing and hits pedestrian,Other,Unknown,Yes,Yes,,,,,,,,,,136,West Hill (136)
14273,2018,2018-07-05T04:00:00,830,8,WESTON RD,KING ST,60 m East of,Minor Arterial,Etobicoke York,5,12,43.701144,-79.520061,Mid-Block,Non Intersection,No Control,Clear,Daylight,Dry,Non-Fatal Injury,Pedestrian Collisions,Driver,30 to 34,None,,West,Delivery Van,Changing Lanes,Improper Lane Change,Normal,,,,Yes,Yes,,,,,,,,,,113,Weston (113)
14274,2018,2018-07-05T04:00:00,830,8,WESTON RD,KING ST,60 m East of,Minor Arterial,Etobicoke York,5,12,43.701144,-79.520061,Mid-Block,Non Intersection,No Control,Clear,Daylight,Dry,Non-Fatal Injury,Pedestrian Collisions,Driver,55 to 59,Minimal,,West,"Automobile, Station Wagon",Going Ahead,Driving Properly,Normal,,,,Yes,Yes,,,,,,,,,,113,Weston (113)
14275,2018,2018-07-05T04:00:00,830,8,WESTON RD,KING ST,60 m East of,Minor Arterial,Etobicoke York,5,12,43.701144,-79.520061,Mid-Block,Non Intersection,No Control,Clear,Daylight,Dry,Non-Fatal Injury,Pedestrian Collisions,Pedestrian,30 to 34,Major,,,,,,,Pedestrian hit on sidewalk or shoulder,On Sidewalk or Shoulder,Normal,Yes,Yes,,,,,,,,,,113,Weston (113)
14276,2018,2018-07-05T04:00:00,830,8,WESTON RD,KING ST,60 m East of,Minor Arterial,Etobicoke York,5,12,43.701144,-79.520061,Mid-Block,Non Intersection,No Control,Clear,Daylight,Dry,Non-Fatal Injury,Pedestrian Collisions,Pedestrian,30 to 34,Major,,,,,,,Pedestrian hit on sidewalk or shoulder,On Sidewalk or Shoulder,Normal,Yes,Yes,,,,,,,,,,113,Weston (113)
1815,2007,2007-01-23T05:00:00,832,8,QUEEN ST E,MC GEE ST,,Minor Arterial,Toronto and East York,14,55,43.660045,-79.34449,Intersection,,No Control,Clear,Daylight,Wet,Non-Fatal Injury,Pedestrian Collisions,Vehicle Owner,unknown,,,,Other,,,,,,,Yes,Yes,,Yes,,,,Yes,,,,70,South Riverdale (70)