_id,YEAR,DATE,TIME,HOUR,STREET1,STREET2,OFFSET,ROAD_CLASS,District,WardNum,Division,LATITUDE,LONGITUDE,LOCCOORD,ACCLOC,TRAFFCTL,VISIBILITY,LIGHT,RDSFCOND,ACCLASS,IMPACTYPE,INVTYPE,INVAGE,INJURY,FATAL_NO,INITDIR,VEHTYPE,MANOEUVER,DRIVACT,DRIVCOND,PEDTYPE,PEDACT,PEDCOND,PEDESTRIAN,AUTOMOBILE,TRUCK,TRSN_CITY_VEH,EMERG_VEH,PASSENGER,SPEEDING,AG_DRIV,REDLIGHT,ALCOHOL,DISABILITY,Hood_ID,Neighbourhood
7627,2011,2011-09-04T04:00:00,1000,10,BRIMLEY RD,DANJOHN CRES,,Major Arterial,Scarborough,23,42,43.814246,-79.281192,Mid-Block,,No Control,Clear,Daylight,Dry,Non-Fatal Injury,Pedestrian Collisions,Vehicle Owner,unknown,,,,Other,,,,,,,Yes,,,Yes,,,,,,,,129,Agincourt North (129)
7629,2011,2011-09-04T04:00:00,1000,10,BRIMLEY RD,DANJOHN CRES,,Major Arterial,Scarborough,23,42,43.814246,-79.281192,Mid-Block,,No Control,Clear,Daylight,Dry,Non-Fatal Injury,Pedestrian Collisions,Driver,50 to 54,None,,North,Municipal Transit Bus (TTC),Going Ahead,Driving Properly,Unknown,,,,Yes,,,Yes,,,,,,,,129,Agincourt North (129)
7630,2011,2011-09-04T04:00:00,1000,10,BRIMLEY RD,DANJOHN CRES,,Major Arterial,Scarborough,23,42,43.814246,-79.281192,Mid-Block,,No Control,Clear,Daylight,Dry,Non-Fatal Injury,Pedestrian Collisions,Pedestrian,35 to 39,Major,,North,Other,,,,Pedestrian involved in a collision with transit vehicle anywhere along roadway,Running onto Roadway,Other,Yes,,,Yes,,,,,,,,129,Agincourt North (129)
8300,2012,2012-10-01T04:00:00,1000,10,DON MILLS RD,THE DONWAY  E,,Major Arterial,North York,16,33,43.732245,-79.34209,Intersection,,Traffic Signal,Clear,Daylight,Dry,Non-Fatal Injury,Pedestrian Collisions,Driver,60 to 64,Minor,,North,"Automobile, Station Wagon",Going Ahead,Disobeyed Traffic Control,Normal,,,,Yes,Yes,,,,,,Yes,Yes,,,42,Banbury-Don Mills (42)
8301,2012,2012-10-01T04:00:00,1000,10,DON MILLS RD,THE DONWAY  E,,Major Arterial,North York,16,33,43.732245,-79.34209,Intersection,,Traffic Signal,Clear,Daylight,Dry,Non-Fatal Injury,Pedestrian Collisions,Driver,50 to 54,None,,West,"Automobile, Station Wagon",Going Ahead,Driving Properly,Normal,,,,Yes,Yes,,,,,,Yes,Yes,,,42,Banbury-Don Mills (42)
8302,2012,2012-10-01T04:00:00,1000,10,DON MILLS RD,THE DONWAY  E,,Major Arterial,North York,16,33,43.732245,-79.34209,Intersection,,Traffic Signal,Clear,Daylight,Dry,Non-Fatal Injury,Pedestrian Collisions,Other Property Owner,unknown,,,,Other,,,,,,,Yes,Yes,,,,,,Yes,Yes,,,42,Banbury-Don Mills (42)
8303,2012,2012-10-01T04:00:00,1000,10,DON MILLS RD,THE DONWAY  E,,Major Arterial,North York,16,33,43.732245,-79.34209,Intersection,,Traffic Signal,Clear,Daylight,Dry,Non-Fatal Injury,Pedestrian Collisions,Pedestrian,85 to 89,Major,,Unknown,Other,,,,Pedestrian hit on sidewalk or shoulder,On Sidewalk or Shoulder,Normal,Yes,Yes,,,,,,Yes,Yes,,,42,Banbury-Don Mills (42)
15866,2018,2018-10-15T04:00:00,1000,10,YONGE  ST,CARLTON ST,132 m South of,Major Arterial,Toronto and East York,,51,43.660144,-79.382587,Mid-Block,Non Intersection,No Control,Clear,Daylight,Wet,Non-Fatal Injury,Pedestrian Collisions,Driver,45 to 49,None,,North,"Automobile, Station Wagon",Reversing,Other,Inattentive,,,,Yes,Yes,,,,,,,,,,75,Church-Yonge Corridor (75)
15867,2018,2018-10-15T04:00:00,1000,10,YONGE  ST,CARLTON ST,132 m South of,Major Arterial,Toronto and East York,,51,43.660144,-79.382587,Mid-Block,Non Intersection,No Control,Clear,Daylight,Wet,Non-Fatal Injury,Pedestrian Collisions,Pedestrian,75 to 79,Major,,East,,,,,Vehicle is reversing and hits pedestrian,Other,Normal,Yes,Yes,,,,,,,,,,75,Church-Yonge Corridor (75)
13767,2017,2017-03-04T05:00:00,1001,10,SHEPPARD AVE W,MAGELLAN DR,,Major Arterial,Etobicoke York,,31,43.7396,-79.509639,Intersection,At Intersection,Traffic Signal,Clear,Daylight,Dry,Fatal,Pedestrian Collisions,Driver,20 to 24,None,,East,"Automobile, Station Wagon",Going Ahead,Disobeyed Traffic Control,Inattentive,,,,Yes,Yes,,,,,,Yes,Yes,,,25,Glenfield-Jane Heights (25)
13768,2017,2017-03-04T05:00:00,1001,10,SHEPPARD AVE W,MAGELLAN DR,,Major Arterial,Etobicoke York,,31,43.7396,-79.509639,Intersection,At Intersection,Traffic Signal,Clear,Daylight,Dry,Fatal,Pedestrian Collisions,Pedestrian,5 to 9,Minor,,North,,,,,Vehicle is going straight thru inter.while ped cross with ROW,Crossing with right of way,Normal,Yes,Yes,,,,,,Yes,Yes,,,25,Glenfield-Jane Heights (25)
13769,2017,2017-03-04T05:00:00,1001,10,SHEPPARD AVE W,MAGELLAN DR,,Major Arterial,Etobicoke York,,31,43.7396,-79.509639,Intersection,At Intersection,Traffic Signal,Clear,Daylight,Dry,Fatal,Pedestrian Collisions,Pedestrian,5 to 9,Fatal,11,North,,,,,Vehicle is going straight thru inter.while ped cross with ROW,Crossing with right of way,Normal,Yes,Yes,,,,,,Yes,Yes,,,25,Glenfield-Jane Heights (25)
13690,2017,2017-02-10T05:00:00,1003,10,QUEEN ST E,SHERBOURNE ST,5 m East of,Major Arterial,Toronto and East York,13,51,43.654452,-79.369418,Intersection,At Intersection,Traffic Signal,Clear,Daylight,Dry,Non-Fatal Injury,Pedestrian Collisions,Driver,45 to 49,None,,West,Municipal Transit Bus (TTC),Going Ahead,Driving Properly,Normal,,,,Yes,,,Yes,,,,,,,,73,Moss Park (73)
13719,2017,2017-02-10T05:00:00,1003,10,QUEEN ST E,SHERBOURNE ST,5 m East of,Major Arterial,Toronto and East York,13,51,43.654452,-79.369418,Intersection,At Intersection,Traffic Signal,Clear,Daylight,Dry,Non-Fatal Injury,Pedestrian Collisions,Pedestrian,35 to 39,Major,,Unknown,,,,,Other / Undefined,Other,Other,Yes,,,Yes,,,,,,,,73,Moss Park (73)
2701,2007,2007-11-04T04:00:00,1005,10,JAMESON AVE,KING ST W,,Major Arterial,Toronto and East York,4,14,43.637145,-79.43599,Intersection,At Intersection,Traffic Signal,Clear,Daylight,Dry,Non-Fatal Injury,Pedestrian Collisions,Vehicle Owner,unknown,,,,Other,,,,,,,Yes,Yes,,,,,,,,,,85,South Parkdale (85)
2702,2007,2007-11-04T04:00:00,1005,10,JAMESON AVE,KING ST W,,Major Arterial,Toronto and East York,4,14,43.637145,-79.43599,Intersection,At Intersection,Traffic Signal,Clear,Daylight,Dry,Non-Fatal Injury,Pedestrian Collisions,Driver,55 to 59,None,,West,"Automobile, Station Wagon",Turning Right,Driving Properly,Normal,,,,Yes,Yes,,,,,,,,,,85,South Parkdale (85)
2703,2007,2007-11-04T04:00:00,1005,10,JAMESON AVE,KING ST W,,Major Arterial,Toronto and East York,4,14,43.637145,-79.43599,Intersection,At Intersection,Traffic Signal,Clear,Daylight,Dry,Non-Fatal Injury,Pedestrian Collisions,Pedestrian,75 to 79,Major,,West,Other,,,,Vehicle turns right while ped crosses without ROW at inter.,Crossing without right of way,Normal,Yes,Yes,,,,,,,,,,85,South Parkdale (85)
2769,2007,2007-09-13T04:00:00,1005,10,OAKDALE RD,FINCH AVE W,,Major Arterial,Etobicoke York,7,31,43.755945,-79.52429,Intersection,At Intersection,Traffic Signal,Clear,Daylight,Dry,Fatal,Pedestrian Collisions,Vehicle Owner,unknown,,,,Other,,,,,,,Yes,,Yes,,,,,,,,,24,Black Creek (24)
2770,2007,2007-09-13T04:00:00,1005,10,OAKDALE RD,FINCH AVE W,,Major Arterial,Etobicoke York,7,31,43.755945,-79.52429,Intersection,At Intersection,Traffic Signal,Clear,Daylight,Dry,Fatal,Pedestrian Collisions,Truck Driver,20 to 24,None,,North,Truck - Open,Turning Left,Driving Properly,Normal,,,,Yes,,Yes,,,,,,,,,24,Black Creek (24)
2771,2007,2007-09-13T04:00:00,1005,10,OAKDALE RD,FINCH AVE W,,Major Arterial,Etobicoke York,7,31,43.755945,-79.52429,Intersection,At Intersection,Traffic Signal,Clear,Daylight,Dry,Fatal,Pedestrian Collisions,Pedestrian,65 to 69,Fatal,,South,Other,,,,Vehicle turns left while ped crosses without ROW at inter.,Crossing without right of way,Unknown,Yes,,Yes,,,,,,,,,24,Black Creek (24)
9115,2013,2013-08-29T04:00:00,1005,10,EGLINTON AVE E,BRIMLEY RD,,Major Arterial,Scarborough,,43,43.736685,-79.248081,Intersection,,Traffic Signal,Clear,Daylight,Dry,Non-Fatal Injury,Pedestrian Collisions,Vehicle Owner,unknown,,,,Other,,,,,,,Yes,Yes,,,,,,Yes,,,,138,Eglinton East (138)
9116,2013,2013-08-29T04:00:00,1005,10,EGLINTON AVE E,BRIMLEY RD,,Major Arterial,Scarborough,,43,43.736685,-79.248081,Intersection,,Traffic Signal,Clear,Daylight,Dry,Non-Fatal Injury,Pedestrian Collisions,Driver,55 to 59,None,,South,"Automobile, Station Wagon",Turning Left,Failed to Yield Right of Way,Normal,,,,Yes,Yes,,,,,,Yes,,,,138,Eglinton East (138)
9117,2013,2013-08-29T04:00:00,1005,10,EGLINTON AVE E,BRIMLEY RD,,Major Arterial,Scarborough,,43,43.736685,-79.248081,Intersection,,Traffic Signal,Clear,Daylight,Dry,Non-Fatal Injury,Pedestrian Collisions,Pedestrian,25 to 29,Major,,South,Other,,,,Vehicle turns left while ped crosses with ROW at inter.,Crossing with right of way,Normal,Yes,Yes,,,,,,Yes,,,,138,Eglinton East (138)
11239,2014,2014-11-21T05:00:00,1005,10,SILVERTHORN AVE,ROGERS RD,,Minor Arterial,Etobicoke York,,12,43.682761,-79.463321,Intersection,Intersection Related,Traffic Signal,Clear,Daylight,Dry,Non-Fatal Injury,Pedestrian Collisions,Driver,50 to 54,None,,South,Pick Up Truck,Turning Left,Failed to Yield Right of Way,Normal,,,,Yes,Yes,,,,,,Yes,,,,110,Keelesdale-Eglinton West (110)
11240,2014,2014-11-21T05:00:00,1005,10,SILVERTHORN AVE,ROGERS RD,,Minor Arterial,Etobicoke York,,12,43.682761,-79.463321,Intersection,Intersection Related,Traffic Signal,Clear,Daylight,Dry,Non-Fatal Injury,Pedestrian Collisions,Pedestrian,70 to 74,Major,,Unknown,,,,,Vehicle turns left while ped crosses with ROW at inter.,Crossing with right of way,Normal,Yes,Yes,,,,,,Yes,,,,110,Keelesdale-Eglinton West (110)
15241,2019,2019-04-24T04:00:00,1005,10,DUNDAS ST W,UNIVERSITY AVE,,Major Arterial,Toronto and East York,,52,43.654788,-79.388286,Intersection,At Intersection,Traffic Signal,Clear,Daylight,Dry,Non-Fatal Injury,Pedestrian Collisions,Driver,60 to 64,None,,West,"Automobile, Station Wagon",Turning Right,Improper Turn,Unknown,,,,Yes,Yes,,,,,,,,,,76,Bay Street Corridor (76)
15242,2019,2019-04-24T04:00:00,1005,10,DUNDAS ST W,UNIVERSITY AVE,,Major Arterial,Toronto and East York,,52,43.654788,-79.388286,Intersection,At Intersection,Traffic Signal,Clear,Daylight,Dry,Non-Fatal Injury,Pedestrian Collisions,Pedestrian,35 to 39,Major,,,,,,,,,Fatigue,Yes,Yes,,,,,,,,,,76,Bay Street Corridor (76)
15488,2019,2019-10-28T04:00:00,1005,10,ST CLAIR  AVE W,CASTLETON  AVE,,Major Arterial,Etobicoke York,5,12,43.668429,-79.485637,Intersection,Intersection Related,Stop Sign,Clear,Daylight,Dry,Fatal,Pedestrian Collisions,Pedestrian,80 to 84,Fatal,50,North,,,,,Vehicle turns left while ped crosses without ROW at inter.,"Crossing, no Traffic Control",Normal,Yes,Yes,,,,,,,,,,111,Rockcliffe-Smythe (111)
15489,2019,2019-10-28T04:00:00,1005,10,ST CLAIR  AVE W,CASTLETON  AVE,,Major Arterial,Etobicoke York,5,12,43.668429,-79.485637,Intersection,Intersection Related,Stop Sign,Clear,Daylight,Dry,Fatal,Pedestrian Collisions,Pedestrian,65 to 69,Major,,North,,,,,Vehicle turns left while ped crosses without ROW at inter.,"Crossing, no Traffic Control",Normal,Yes,Yes,,,,,,,,,,111,Rockcliffe-Smythe (111)
15490,2019,2019-10-28T04:00:00,1005,10,ST CLAIR  AVE W,CASTLETON  AVE,,Major Arterial,Etobicoke York,5,12,43.668429,-79.485637,Intersection,Intersection Related,Stop Sign,Clear,Daylight,Dry,Fatal,Pedestrian Collisions,Driver,50 to 54,None,,South,Delivery Van,Turning Left,Driving Properly,Normal,,,,Yes,Yes,,,,,,,,,,111,Rockcliffe-Smythe (111)
409,2006,2006-08-08T04:00:00,1006,10,YONGE ST,ATHABASKA AVE,,Major Arterial,North York,18,32,43.795445,-79.41939,Intersection,At Intersection,Traffic Signal,Clear,Daylight,Dry,Non-Fatal Injury,Pedestrian Collisions,Driver,40 to 44,None,,East,"Automobile, Station Wagon",Turning Left,Failed to Yield Right of Way,Normal,,,,Yes,Yes,,,,,,Yes,,,,50,Newtonbrook East (50)
410,2006,2006-08-08T04:00:00,1006,10,YONGE ST,ATHABASKA AVE,,Major Arterial,North York,18,32,43.795445,-79.41939,Intersection,At Intersection,Traffic Signal,Clear,Daylight,Dry,Non-Fatal Injury,Pedestrian Collisions,Pedestrian,80 to 84,Major,,East,Other,,,,Vehicle turns left while ped crosses with ROW at inter.,Crossing with right of way,Normal,Yes,Yes,,,,,,Yes,,,,50,Newtonbrook East (50)
10548,2013,2013-10-01T04:00:00,1006,10,GERRARD ST E,CARLAW AVE,,Minor Arterial,Toronto and East York,14,55,43.667643,-79.342792,Intersection,At Intersection,Traffic Signal,Clear,Daylight,Dry,Fatal,Pedestrian Collisions,Vehicle Owner,unknown,,,,,,,,,,,Yes,,Yes,,,,,Yes,,,,68,North Riverdale (68)
10551,2013,2013-10-01T04:00:00,1006,10,GERRARD ST E,CARLAW AVE,,Minor Arterial,Toronto and East York,14,55,43.667643,-79.342792,Intersection,At Intersection,Traffic Signal,Clear,Daylight,Dry,Fatal,Pedestrian Collisions,Truck Driver,40 to 44,None,,West,Truck-Tractor,Turning Right,Failed to Yield Right of Way,Inattentive,,,,Yes,,Yes,,,,,Yes,,,,68,North Riverdale (68)
10552,2013,2013-10-01T04:00:00,1006,10,GERRARD ST E,CARLAW AVE,,Minor Arterial,Toronto and East York,14,55,43.667643,-79.342792,Intersection,At Intersection,Traffic Signal,Clear,Daylight,Dry,Fatal,Pedestrian Collisions,Other,unknown,None,,,,,,,,,,Yes,,Yes,,,,,Yes,,,,68,North Riverdale (68)
10553,2013,2013-10-01T04:00:00,1006,10,GERRARD ST E,CARLAW AVE,,Minor Arterial,Toronto and East York,14,55,43.667643,-79.342792,Intersection,At Intersection,Traffic Signal,Clear,Daylight,Dry,Fatal,Pedestrian Collisions,Pedestrian,55 to 59,Fatal,44,West,,,,,Vehicle turns right while ped crosses with ROW at inter.,Crossing with right of way,Unknown,Yes,,Yes,,,,,Yes,,,,68,North Riverdale (68)
6490,2011,2011-01-05T05:00:00,1007,10,DUPONT ST,CHRISTIE ST,,Major Arterial,Toronto and East York,11,14,43.671645,-79.42149,Intersection,At Intersection,Traffic Signal,Clear,Daylight,Dry,Non-Fatal Injury,Pedestrian Collisions,Driver,60 to 64,None,,South,"Automobile, Station Wagon",Turning Left,Failed to Yield Right of Way,Normal,,,,Yes,Yes,,,,,,Yes,,,,95,Annex (95)
6491,2011,2011-01-05T05:00:00,1007,10,DUPONT ST,CHRISTIE ST,,Major Arterial,Toronto and East York,11,14,43.671645,-79.42149,Intersection,At Intersection,Traffic Signal,Clear,Daylight,Dry,Non-Fatal Injury,Pedestrian Collisions,Pedestrian,80 to 84,Major,,North,Other,,,,Vehicle turns left while ped crosses with ROW at inter.,Crossing with right of way,Normal,Yes,Yes,,,,,,Yes,,,,95,Annex (95)
6748,2010,2010-09-20T04:00:00,1008,10,PINEWAY BLVD,FINCH AVE E,,Major Arterial,North York,17,33,43.789145,-79.37329,Intersection,At Intersection,Traffic Signal,Clear,Daylight,Dry,Non-Fatal Injury,Pedestrian Collisions,Driver,30 to 34,None,,South,"Automobile, Station Wagon",Turning Left,Failed to Yield Right of Way,Normal,,,,Yes,Yes,,,,,,Yes,,,,52,Bayview Village (52)
6749,2010,2010-09-20T04:00:00,1008,10,PINEWAY BLVD,FINCH AVE E,,Major Arterial,North York,17,33,43.789145,-79.37329,Intersection,At Intersection,Traffic Signal,Clear,Daylight,Dry,Non-Fatal Injury,Pedestrian Collisions,Pedestrian,70 to 74,Major,,North,Other,,,,Vehicle turns left while ped crosses with ROW at inter.,Crossing with right of way,Normal,Yes,Yes,,,,,,Yes,,,,52,Bayview Village (52)
7039,2011,2011-10-07T04:00:00,1010,10,GREENWIN VILLAGE Road,BISON Driv,,Collector,North York,18,32,43.790845,-79.44409,Intersection,,No Control,Clear,Daylight,Dry,Non-Fatal Injury,Pedestrian Collisions,Driver,65 to 69,None,,West,"Automobile, Station Wagon",Turning Left,Lost control,Normal,,,,Yes,Yes,,,,,,,,,,36,Newtonbrook West (36)
7044,2011,2011-10-07T04:00:00,1010,10,GREENWIN VILLAGE Road,BISON Driv,,Collector,North York,18,32,43.790845,-79.44409,Intersection,,No Control,Clear,Daylight,Dry,Non-Fatal Injury,Pedestrian Collisions,Pedestrian,15 to 19,Major,,Unknown,Other,,,,Pedestrian hit on sidewalk or shoulder,On Sidewalk or Shoulder,Normal,Yes,Yes,,,,,,,,,,36,Newtonbrook West (36)
8145,2012,2012-04-02T04:00:00,1010,10,QUEEN St E,JONES Ave,,Minor Arterial,Toronto and East York,14,55,43.662644,-79.332789,Intersection,At Intersection,Traffic Signal,Clear,Daylight,Dry,Non-Fatal Injury,Pedestrian Collisions,Driver,30 to 34,None,,South,"Automobile, Station Wagon",Turning Left,Failed to Yield Right of Way,Normal,,,,Yes,Yes,,,,,,Yes,,,,70,South Riverdale (70)
8356,2012,2012-04-02T04:00:00,1010,10,QUEEN St E,JONES Ave,,Minor Arterial,Toronto and East York,14,55,43.662644,-79.332789,Intersection,At Intersection,Traffic Signal,Clear,Daylight,Dry,Non-Fatal Injury,Pedestrian Collisions,Pedestrian,75 to 79,Major,,North,Other,,,,Vehicle turns left while ped crosses with ROW at inter.,Crossing with right of way,Normal,Yes,Yes,,,,,,Yes,,,,70,South Riverdale (70)
8919,2012,2012-04-02T04:00:00,1010,10,QUEEN St E,JONES Ave,,Minor Arterial,Toronto and East York,14,55,43.662644,-79.332789,Intersection,At Intersection,Traffic Signal,Clear,Daylight,Dry,Non-Fatal Injury,Pedestrian Collisions,Vehicle Owner,unknown,,,,Other,,,,,,,Yes,Yes,,,,,,Yes,,,,70,South Riverdale (70)
14351,2018,2018-05-27T04:00:00,1010,10,BENSON  AVE,CHRISTIE  ST,10 m West of,Minor Arterial,Toronto and East York,12,13,43.680037,-79.425021,Intersection,Intersection Related,No Control,Clear,Daylight,Dry,Non-Fatal Injury,Pedestrian Collisions,Driver,55 to 59,None,,East,"Automobile, Station Wagon",Going Ahead,Driving Properly,Unknown,,,,Yes,Yes,,,,,,,,,,94,Wychwood (94)
14352,2018,2018-05-27T04:00:00,1010,10,BENSON  AVE,CHRISTIE  ST,10 m West of,Minor Arterial,Toronto and East York,12,13,43.680037,-79.425021,Intersection,Intersection Related,No Control,Clear,Daylight,Dry,Non-Fatal Injury,Pedestrian Collisions,Pedestrian,85 to 89,Major,,Unknown,,,,,Pedestrian hit on sidewalk or shoulder,On Sidewalk or Shoulder,Normal,Yes,Yes,,,,,,,,,,94,Wychwood (94)
4620,2009,2009-06-29T04:00:00,1011,10,SHEPPARD AVE W,YEOMANS RD,,Major Arterial,North York,6,32,43.754545,-79.44319,Intersection,,No Control,Clear,Daylight,Dry,Non-Fatal Injury,Pedestrian Collisions,Vehicle Owner,unknown,,,,Other,,,,,,,Yes,Yes,,,,,,,,,,33,Clanton Park (33)
4621,2009,2009-06-29T04:00:00,1011,10,SHEPPARD AVE W,YEOMANS RD,,Major Arterial,North York,6,32,43.754545,-79.44319,Intersection,,No Control,Clear,Daylight,Dry,Non-Fatal Injury,Pedestrian Collisions,Driver,20 to 24,None,,East,"Automobile, Station Wagon",Going Ahead,Driving Properly,Normal,,,,Yes,Yes,,,,,,,,,,33,Clanton Park (33)
4622,2009,2009-06-29T04:00:00,1011,10,SHEPPARD AVE W,YEOMANS RD,,Major Arterial,North York,6,32,43.754545,-79.44319,Intersection,,No Control,Clear,Daylight,Dry,Non-Fatal Injury,Pedestrian Collisions,Pedestrian,80 to 84,Major,,North,Other,,,,Vehicle is going straight thru inter.while ped cross without ROW,"Crossing, no Traffic Control",Inattentive,Yes,Yes,,,,,,,,,,33,Clanton Park (33)
7009,2010,2010-07-16T04:00:00,1011,10,SPADINA AVE,ST ANDREW ST,,Major Arterial,Toronto and East York,11,52,43.654345,-79.398593,Intersection,,Traffic Signal,Clear,Daylight,Dry,Non-Fatal Injury,Pedestrian Collisions,Pedestrian,50 to 54,Major,,West,Other,,,,Pedestrian involved in a collision with transit vehicle anywhere along roadway,Crossing without right of way,Had Been Drinking,Yes,,,Yes,,,,,,,,78,Kensington-Chinatown (78)
7010,2010,2010-07-16T04:00:00,1011,10,SPADINA AVE,ST ANDREW ST,,Major Arterial,Toronto and East York,11,52,43.654345,-79.398593,Intersection,,Traffic Signal,Clear,Daylight,Dry,Non-Fatal Injury,Pedestrian Collisions,Vehicle Owner,unknown,,,,Other,,,,,,,Yes,,,Yes,,,,,,,,78,Kensington-Chinatown (78)
7011,2010,2010-07-16T04:00:00,1011,10,SPADINA AVE,ST ANDREW ST,,Major Arterial,Toronto and East York,11,52,43.654345,-79.398593,Intersection,,Traffic Signal,Clear,Daylight,Dry,Non-Fatal Injury,Pedestrian Collisions,Driver,40 to 44,None,,South,Municipal Transit Bus (TTC),Going Ahead,Driving Properly,Normal,,,,Yes,,,Yes,,,,,,,,78,Kensington-Chinatown (78)
8464,2012,2012-07-04T04:00:00,1011,10,MAITLAND PL,JARVIS ST,,Major Arterial,Toronto and East York,13,51,43.665245,-79.37789,Intersection,At Intersection,Traffic Signal,Clear,Daylight,Dry,Non-Fatal Injury,Pedestrian Collisions,Vehicle Owner,unknown,,,,Other,,,,,,,Yes,Yes,,,,,,,,,,71,Cabbagetown-South St.James Town (71)
8465,2012,2012-07-04T04:00:00,1011,10,MAITLAND PL,JARVIS ST,,Major Arterial,Toronto and East York,13,51,43.665245,-79.37789,Intersection,At Intersection,Traffic Signal,Clear,Daylight,Dry,Non-Fatal Injury,Pedestrian Collisions,Driver,25 to 29,None,,West,"Automobile, Station Wagon",Turning Right,Improper Turn,Normal,,,,Yes,Yes,,,,,,,,,,71,Cabbagetown-South St.James Town (71)
8466,2012,2012-07-04T04:00:00,1011,10,MAITLAND PL,JARVIS ST,,Major Arterial,Toronto and East York,13,51,43.665245,-79.37789,Intersection,At Intersection,Traffic Signal,Clear,Daylight,Dry,Non-Fatal Injury,Pedestrian Collisions,Pedestrian,50 to 54,Major,,West,Other,,,,Vehicle turns right while ped crosses with ROW at inter.,Crossing with right of way,Normal,Yes,Yes,,,,,,,,,,71,Cabbagetown-South St.James Town (71)
15568,2018,2018-11-16T05:00:00,1011,10,BRUCEWOOD  CRES,COVINGTON RD,4 m South of,Collector,North York,8,32,43.720133,-79.433635,Intersection,At Intersection,Stop Sign,Snow,Daylight,Slush,Non-Fatal Injury,Pedestrian Collisions,Driver,25 to 29,None,,South,Pick Up Truck,Turning Left,Improper Turn,Unknown,,,,Yes,Yes,,,,,,,,,,32,Englemount-Lawrence (32)
15569,2018,2018-11-16T05:00:00,1011,10,BRUCEWOOD  CRES,COVINGTON RD,4 m South of,Collector,North York,8,32,43.720133,-79.433635,Intersection,At Intersection,Stop Sign,Snow,Daylight,Slush,Non-Fatal Injury,Pedestrian Collisions,Pedestrian,25 to 29,Major,,South,,,,,Vehicle turns left while ped crosses with ROW at inter.,Crossing with right of way,Normal,Yes,Yes,,,,,,,,,,32,Englemount-Lawrence (32)
5755,2010,2010-01-09T05:00:00,1012,10,DANFORTH AVE,DAWES RD,,Major Arterial,Toronto and East York,19,54,43.689345,-79.29679,Intersection,At Intersection,Traffic Signal,Clear,Daylight,Dry,Non-Fatal Injury,Pedestrian Collisions,Vehicle Owner,unknown,,,,Other,,,,,,,Yes,Yes,,,,,,Yes,,,,62,East End-Danforth (62)
5756,2010,2010-01-09T05:00:00,1012,10,DANFORTH AVE,DAWES RD,,Major Arterial,Toronto and East York,19,54,43.689345,-79.29679,Intersection,At Intersection,Traffic Signal,Clear,Daylight,Dry,Non-Fatal Injury,Pedestrian Collisions,Driver,55 to 59,None,,South,"Automobile, Station Wagon",Turning Left,Failed to Yield Right of Way,Inattentive,,,,Yes,Yes,,,,,,Yes,,,,62,East End-Danforth (62)
5757,2010,2010-01-09T05:00:00,1012,10,DANFORTH AVE,DAWES RD,,Major Arterial,Toronto and East York,19,54,43.689345,-79.29679,Intersection,At Intersection,Traffic Signal,Clear,Daylight,Dry,Non-Fatal Injury,Pedestrian Collisions,Pedestrian,80 to 84,Major,,North,Other,,,,Vehicle turns left while ped crosses with ROW at inter.,Crossing with right of way,Normal,Yes,Yes,,,,,,Yes,,,,62,East End-Danforth (62)
12338,2016,2016-03-09T05:00:00,1014,10,JOHN GARLAND BLVD,MARTIN GROVE RD,3 m East of,Major Arterial,Etobicoke York,1,23,43.732012,-79.589404,Intersection,At Intersection,Traffic Signal,Clear,Daylight,Dry,Non-Fatal Injury,Pedestrian Collisions,Driver,65 to 69,None,,West,"Automobile, Station Wagon",Turning Right,Failed to Yield Right of Way,Inattentive,,,,Yes,Yes,,,,,,Yes,,,,2,Mount Olive-Silverstone-Jamestown (2)
12339,2016,2016-03-09T05:00:00,1014,10,JOHN GARLAND BLVD,MARTIN GROVE RD,3 m East of,Major Arterial,Etobicoke York,1,23,43.732012,-79.589404,Intersection,At Intersection,Traffic Signal,Clear,Daylight,Dry,Non-Fatal Injury,Pedestrian Collisions,Pedestrian,65 to 69,Major,,South,,,,,Vehicle turns right while ped crosses with ROW at inter.,Crossing with right of way,Normal,Yes,Yes,,,,,,Yes,,,,2,Mount Olive-Silverstone-Jamestown (2)
3855,2008,2008-01-27T05:00:00,1015,10,2450 LAWRENCE AVE E,,,Major Arterial,Scarborough,21,41,43.751045,-79.26719,Intersection,At Intersection,Stop Sign,Clear,Daylight,Wet,Non-Fatal Injury,Pedestrian Collisions,Driver,25 to 29,None,,North,"Automobile, Station Wagon",Slowing or Stopping,Failed to Yield Right of Way,Inattentive,,,,Yes,Yes,,,,,,Yes,,,,126,Dorset Park (126)
3856,2008,2008-01-27T05:00:00,1015,10,2450 LAWRENCE AVE E,,,Major Arterial,Scarborough,21,41,43.751045,-79.26719,Intersection,At Intersection,Stop Sign,Clear,Daylight,Wet,Non-Fatal Injury,Pedestrian Collisions,Pedestrian,65 to 69,Major,,East,Other,,,,Vehicle is going straight thru inter.while ped cross with ROW,Crossing with right of way,Normal,Yes,Yes,,,,,,Yes,,,,126,Dorset Park (126)