_id,YEAR,DATE,TIME,HOUR,STREET1,STREET2,OFFSET,ROAD_CLASS,District,WardNum,Division,LATITUDE,LONGITUDE,LOCCOORD,ACCLOC,TRAFFCTL,VISIBILITY,LIGHT,RDSFCOND,ACCLASS,IMPACTYPE,INVTYPE,INVAGE,INJURY,FATAL_NO,INITDIR,VEHTYPE,MANOEUVER,DRIVACT,DRIVCOND,PEDTYPE,PEDACT,PEDCOND,PEDESTRIAN,AUTOMOBILE,TRUCK,TRSN_CITY_VEH,EMERG_VEH,PASSENGER,SPEEDING,AG_DRIV,REDLIGHT,ALCOHOL,DISABILITY,Hood_ID,Neighbourhood
11209,2014,2014-11-07T05:00:00,1247,12,DON MILLS RD,FRESHMEADOW DR,,Major Arterial,North York,17,33,43.809378,-79.359485,Mid-Block,Non Intersection,No Control,Clear,Daylight,Dry,Fatal,Pedestrian Collisions,Driver,30 to 34,None,,North,Pick Up Truck,Going Ahead,Driving Properly,Normal,,,,Yes,Yes,,,,,,,,,,48,Hillcrest Village (48)
11210,2014,2014-11-07T05:00:00,1247,12,DON MILLS RD,FRESHMEADOW DR,,Major Arterial,North York,17,33,43.809378,-79.359485,Mid-Block,Non Intersection,No Control,Clear,Daylight,Dry,Fatal,Pedestrian Collisions,Pedestrian,70 to 74,Fatal,39,East,,,,,Pedestrian hit at mid-block,"Crossing, no Traffic Control",Unknown,Yes,Yes,,,,,,,,,,48,Hillcrest Village (48)
15312,2019,2019-06-02T04:00:00,1247,12,MCLEVIN AV,HUPFIELD TL,,Minor Arterial,Scarborough,25,42,43.810336,-79.219997,Intersection,At Intersection,Traffic Signal,Clear,Daylight,Dry,Non-Fatal Injury,Pedestrian Collisions,Driver,60 to 64,None,,South,Pick Up Truck,Turning Left,Failed to Yield Right of Way,Normal,,,,Yes,Yes,,,,,,Yes,,,,132,Malvern (132)
15313,2019,2019-06-02T04:00:00,1247,12,MCLEVIN AV,HUPFIELD TL,,Minor Arterial,Scarborough,25,42,43.810336,-79.219997,Intersection,At Intersection,Traffic Signal,Clear,Daylight,Dry,Non-Fatal Injury,Pedestrian Collisions,Pedestrian,75 to 79,Major,,,,,,,,,Normal,Yes,Yes,,,,,,Yes,,,,132,Malvern (132)
8321,2012,2012-10-09T04:00:00,1249,12,ST CLAIR AVE W,BOON AVE,,Major Arterial,Toronto and East York,9,13,43.677245,-79.446391,Intersection,,No Control,Clear,Daylight,Dry,Non-Fatal Injury,Pedestrian Collisions,Vehicle Owner,unknown,,,,Other,,,,,,,Yes,,,Yes,,,,,,,,92,Corso Italia-Davenport (92)
8322,2012,2012-10-09T04:00:00,1249,12,ST CLAIR AVE W,BOON AVE,,Major Arterial,Toronto and East York,9,13,43.677245,-79.446391,Intersection,,No Control,Clear,Daylight,Dry,Non-Fatal Injury,Pedestrian Collisions,Driver,30 to 34,None,,West,Municipal Transit Bus (TTC),Going Ahead,Driving Properly,Normal,,,,Yes,,,Yes,,,,,,,,92,Corso Italia-Davenport (92)
8323,2012,2012-10-09T04:00:00,1249,12,ST CLAIR AVE W,BOON AVE,,Major Arterial,Toronto and East York,9,13,43.677245,-79.446391,Intersection,,No Control,Clear,Daylight,Dry,Non-Fatal Injury,Pedestrian Collisions,Pedestrian,50 to 54,Major,,South,Other,,,,Pedestrian involved in a collision with transit vehicle anywhere along roadway,"Crossing, no Traffic Control",Normal,Yes,,,Yes,,,,,,,,92,Corso Italia-Davenport (92)
13770,2017,2017-03-04T05:00:00,1249,12,REXDALE BLVD,RAMP TO ENTRANCE RD,6.5 m West of,Major Arterial,Etobicoke York,1,23,43.720431,-79.61201,Mid-Block,Non Intersection,No Control,Clear,Daylight,Dry,Fatal,Pedestrian Collisions,Pedestrian,90 to 94,Fatal,14,South,,,,,Pedestrian hit at mid-block,"Crossing, no Traffic Control",Inattentive,Yes,Yes,,,,,,,,,,1,West Humber-Clairville (1)
13771,2017,2017-03-04T05:00:00,1249,12,REXDALE BLVD,RAMP TO ENTRANCE RD,6.5 m West of,Major Arterial,Etobicoke York,1,23,43.720431,-79.61201,Mid-Block,Non Intersection,No Control,Clear,Daylight,Dry,Fatal,Pedestrian Collisions,Driver,75 to 79,None,,East,Passenger Van,Going Ahead,Driving Properly,Normal,,,,Yes,Yes,,,,,,,,,,1,West Humber-Clairville (1)
1937,2006,2006-10-04T04:00:00,1250,12,WARDEN AVE,BRIDLETOWNE CRCL,,Major Arterial,Scarborough,22,42,43.792145,-79.31389,Intersection,At Intersection,Traffic Signal,Rain,Daylight,Wet,Non-Fatal Injury,Pedestrian Collisions,Pedestrian,15 to 19,Major,,,Other,,,,Pedestrian hit on sidewalk or shoulder,On Sidewalk or Shoulder,Unknown,Yes,Yes,,,,,,,,,Yes,117,L'Amoreaux (117)
1941,2006,2006-10-04T04:00:00,1250,12,WARDEN AVE,BRIDLETOWNE CRCL,,Major Arterial,Scarborough,22,42,43.792145,-79.31389,Intersection,At Intersection,Traffic Signal,Rain,Daylight,Wet,Non-Fatal Injury,Pedestrian Collisions,Driver,65 to 69,Minimal,,North,"Automobile, Station Wagon",Going Ahead,Lost control,Medical or Physical Disability,,,,Yes,Yes,,,,,,,,,Yes,117,L'Amoreaux (117)
1942,2006,2006-10-04T04:00:00,1250,12,WARDEN AVE,BRIDLETOWNE CRCL,,Major Arterial,Scarborough,22,42,43.792145,-79.31389,Intersection,At Intersection,Traffic Signal,Rain,Daylight,Wet,Non-Fatal Injury,Pedestrian Collisions,Other Property Owner,unknown,,,,Other,,,,,,,Yes,Yes,,,,,,,,,Yes,117,L'Amoreaux (117)
1943,2006,2006-10-04T04:00:00,1250,12,WARDEN AVE,BRIDLETOWNE CRCL,,Major Arterial,Scarborough,22,42,43.792145,-79.31389,Intersection,At Intersection,Traffic Signal,Rain,Daylight,Wet,Non-Fatal Injury,Pedestrian Collisions,Other Property Owner,unknown,,,,Other,,,,,,,Yes,Yes,,,,,,,,,Yes,117,L'Amoreaux (117)
1945,2006,2006-10-04T04:00:00,1250,12,WARDEN AVE,BRIDLETOWNE CRCL,,Major Arterial,Scarborough,22,42,43.792145,-79.31389,Intersection,At Intersection,Traffic Signal,Rain,Daylight,Wet,Non-Fatal Injury,Pedestrian Collisions,Pedestrian,15 to 19,Major,,,Other,,,,Pedestrian hit on sidewalk or shoulder,On Sidewalk or Shoulder,Unknown,Yes,Yes,,,,,,,,,Yes,117,L'Amoreaux (117)
1946,2006,2006-10-04T04:00:00,1250,12,WARDEN AVE,BRIDLETOWNE CRCL,,Major Arterial,Scarborough,22,42,43.792145,-79.31389,Intersection,At Intersection,Traffic Signal,Rain,Daylight,Wet,Non-Fatal Injury,Pedestrian Collisions,Pedestrian,60 to 64,Major,,,Other,,,,Pedestrian hit on sidewalk or shoulder,On Sidewalk or Shoulder,Unknown,Yes,Yes,,,,,,,,,Yes,117,L'Amoreaux (117)
2548,2007,2007-12-04T05:00:00,1250,12,YONGE ST,CHURCH ST,,Major Arterial,Toronto and East York,11,53,43.672845,-79.38789,Intersection,At Intersection,Traffic Signal,Clear,Daylight,Dry,Non-Fatal Injury,Pedestrian Collisions,Vehicle Owner,unknown,,,,Other,,,,,,,Yes,,Yes,,,,,,,,,98,Rosedale-Moore Park (98)
2549,2007,2007-12-04T05:00:00,1250,12,YONGE ST,CHURCH ST,,Major Arterial,Toronto and East York,11,53,43.672845,-79.38789,Intersection,At Intersection,Traffic Signal,Clear,Daylight,Dry,Non-Fatal Injury,Pedestrian Collisions,Truck Driver,35 to 39,None,,West,Truck - Open,Turning Right,Driving Properly,Normal,,,,Yes,,Yes,,,,,,,,,98,Rosedale-Moore Park (98)
2550,2007,2007-12-04T05:00:00,1250,12,YONGE ST,CHURCH ST,,Major Arterial,Toronto and East York,11,53,43.672845,-79.38789,Intersection,At Intersection,Traffic Signal,Clear,Daylight,Dry,Non-Fatal Injury,Pedestrian Collisions,Pedestrian,15 to 19,Major,,Unknown,Other,,,,Other / Undefined,On Sidewalk or Shoulder,Normal,Yes,,Yes,,,,,,,,,98,Rosedale-Moore Park (98)
10666,2014,2014-06-03T04:00:00,1250,12,53 CRAIGMORE CRES,,,Local,North York,18,32,43.763236,-79.397456,Mid-Block,,No Control,Clear,Daylight,Dry,Fatal,Pedestrian Collisions,Driver,75 to 79,None,,North,"Automobile, Station Wagon",Reversing,Other,Unknown,,,,Yes,Yes,,,,,,,,,,51,Willowdale East (51)
10668,2014,2014-06-03T04:00:00,1250,12,53 CRAIGMORE CRES,,,Local,North York,18,32,43.763236,-79.397456,Mid-Block,,No Control,Clear,Daylight,Dry,Fatal,Pedestrian Collisions,Pedestrian,85 to 89,Fatal,11,West,,,,,Vehicle is reversing and hits pedestrian,Other,Normal,Yes,Yes,,,,,,,,,,51,Willowdale East (51)
4239,2009,2009-09-11T04:00:00,1253,12,SHEPPARD Ave W,WELBECK Rd,,Major Arterial,North York,18,32,43.759545,-79.41979,Mid-Block,,No Control,Clear,Daylight,Dry,Non-Fatal Injury,Pedestrian Collisions,Driver,45 to 49,Major,,East,"Automobile, Station Wagon",Going Ahead,Lost control,Medical or Physical Disability,,,,Yes,Yes,,,,,,,,,Yes,38,Lansing-Westgate (38)
4240,2009,2009-09-11T04:00:00,1253,12,SHEPPARD Ave W,WELBECK Rd,,Major Arterial,North York,18,32,43.759545,-79.41979,Mid-Block,,No Control,Clear,Daylight,Dry,Non-Fatal Injury,Pedestrian Collisions,Vehicle Owner,unknown,,,,Other,,,,,,,Yes,Yes,,,,,,,,,Yes,38,Lansing-Westgate (38)
4241,2009,2009-09-11T04:00:00,1253,12,SHEPPARD Ave W,WELBECK Rd,,Major Arterial,North York,18,32,43.759545,-79.41979,Mid-Block,,No Control,Clear,Daylight,Dry,Non-Fatal Injury,Pedestrian Collisions,Driver,50 to 54,None,,West,"Automobile, Station Wagon",Going Ahead,Driving Properly,Normal,,,,Yes,Yes,,,,,,,,,Yes,38,Lansing-Westgate (38)
4242,2009,2009-09-11T04:00:00,1253,12,SHEPPARD Ave W,WELBECK Rd,,Major Arterial,North York,18,32,43.759545,-79.41979,Mid-Block,,No Control,Clear,Daylight,Dry,Non-Fatal Injury,Pedestrian Collisions,Pedestrian,55 to 59,Major,,West,Other,,,,Pedestrian hit on sidewalk or shoulder,On Sidewalk or Shoulder,Normal,Yes,Yes,,,,,,,,,Yes,38,Lansing-Westgate (38)
11667,2015,2015-07-16T04:00:00,1253,12,EASTDALE AVE,GOODWOOD PARK CRES,35 m North of,Collector,Toronto and East York,19,54,43.694762,-79.300769,Mid-Block,Non Intersection,No Control,Clear,Daylight,Dry,Non-Fatal Injury,Pedestrian Collisions,Driver,25 to 29,None,,North,"Automobile, Station Wagon",Going Ahead,Driving Properly,Normal,,,,Yes,Yes,,,,Yes,,,,,,61,Taylor-Massey (61)
11668,2015,2015-07-16T04:00:00,1253,12,EASTDALE AVE,GOODWOOD PARK CRES,35 m North of,Collector,Toronto and East York,19,54,43.694762,-79.300769,Mid-Block,Non Intersection,No Control,Clear,Daylight,Dry,Non-Fatal Injury,Pedestrian Collisions,Pedestrian,15 to 19,Major,,West,,,,,Vehicle hits the pedestrian walking or running out from between parked vehicles at mid-block,Coming From Behind Parked Vehicle,Inattentive,Yes,Yes,,,,Yes,,,,,,61,Taylor-Massey (61)
11669,2015,2015-07-16T04:00:00,1253,12,EASTDALE AVE,GOODWOOD PARK CRES,35 m North of,Collector,Toronto and East York,19,54,43.694762,-79.300769,Mid-Block,Non Intersection,No Control,Clear,Daylight,Dry,Non-Fatal Injury,Pedestrian Collisions,Passenger,5 to 9,None,,,,,,,,,,Yes,Yes,,,,Yes,,,,,,61,Taylor-Massey (61)
11670,2015,2015-07-16T04:00:00,1253,12,EASTDALE AVE,GOODWOOD PARK CRES,35 m North of,Collector,Toronto and East York,19,54,43.694762,-79.300769,Mid-Block,Non Intersection,No Control,Clear,Daylight,Dry,Non-Fatal Injury,Pedestrian Collisions,Passenger,0 to 4,None,,,,,,,,,,Yes,Yes,,,,Yes,,,,,,61,Taylor-Massey (61)
11671,2015,2015-07-16T04:00:00,1253,12,EASTDALE AVE,GOODWOOD PARK CRES,35 m North of,Collector,Toronto and East York,19,54,43.694762,-79.300769,Mid-Block,Non Intersection,No Control,Clear,Daylight,Dry,Non-Fatal Injury,Pedestrian Collisions,Passenger,5 to 9,None,,,,,,,,,,Yes,Yes,,,,Yes,,,,,,61,Taylor-Massey (61)
11672,2015,2015-07-16T04:00:00,1253,12,EASTDALE AVE,GOODWOOD PARK CRES,35 m North of,Collector,Toronto and East York,19,54,43.694762,-79.300769,Mid-Block,Non Intersection,No Control,Clear,Daylight,Dry,Non-Fatal Injury,Pedestrian Collisions,Passenger,0 to 4,None,,,,,,,,,,Yes,Yes,,,,Yes,,,,,,61,Taylor-Massey (61)
14869,2017,2017-12-03T05:00:00,1253,12,PRICE ST,YONGE ST,75 m East,Local,Toronto and East York,11,53,43.679961,-79.389858,Mid-Block,Non Intersection,No Control,Clear,Daylight,Dry,Fatal,Pedestrian Collisions,Pedestrian,75 to 79,Fatal,63,South,,,,,Vehicle is reversing and hits pedestrian,Other,Normal,Yes,Yes,,,,,,,,,,98,Rosedale-Moore Park (98)
14870,2017,2017-12-03T05:00:00,1253,12,PRICE ST,YONGE ST,75 m East,Local,Toronto and East York,11,53,43.679961,-79.389858,Mid-Block,Non Intersection,No Control,Clear,Daylight,Dry,Fatal,Pedestrian Collisions,Driver,45 to 49,None,,North,"Automobile, Station Wagon",Reversing,Other,Normal,,,,Yes,Yes,,,,,,,,,,98,Rosedale-Moore Park (98)
5857,2010,2010-06-26T04:00:00,1254,12,SHAW St,HARBORD St,,Minor Arterial,Toronto and East York,11,14,43.659045,-79.42189,Intersection,At Intersection,Traffic Signal,Rain,Daylight,Wet,Non-Fatal Injury,Pedestrian Collisions,Pedestrian,80 to 84,Major,,South,Other,,,,Vehicle turns left while ped crosses with ROW at inter.,Crossing with right of way,Normal,Yes,Yes,,,,,,Yes,,,,80,Palmerston-Little Italy (80)
5858,2010,2010-06-26T04:00:00,1254,12,SHAW St,HARBORD St,,Minor Arterial,Toronto and East York,11,14,43.659045,-79.42189,Intersection,At Intersection,Traffic Signal,Rain,Daylight,Wet,Non-Fatal Injury,Pedestrian Collisions,Driver,70 to 74,None,,South,"Automobile, Station Wagon",Turning Left,Failed to Yield Right of Way,Normal,,,,Yes,Yes,,,,,,Yes,,,,80,Palmerston-Little Italy (80)
11205,2014,2014-11-06T05:00:00,1254,12,MIDLAND AVE,GILDER DR,,Major Arterial,Scarborough,21,41,43.736033,-79.258769,Intersection,At Intersection,Traffic Signal,Clear,Daylight,Dry,Fatal,Pedestrian Collisions,Pedestrian,40 to 44,Fatal,38,Unknown,,,,,Pedestrian hit on sidewalk or shoulder,On Sidewalk or Shoulder,Normal,Yes,Yes,,,,,,,,,,138,Eglinton East (138)
11206,2014,2014-11-06T05:00:00,1254,12,MIDLAND AVE,GILDER DR,,Major Arterial,Scarborough,21,41,43.736033,-79.258769,Intersection,At Intersection,Traffic Signal,Clear,Daylight,Dry,Fatal,Pedestrian Collisions,Driver,30 to 34,Minor,,North,Passenger Van,Going Ahead,Lost control,Normal,,,,Yes,Yes,,,,,,,,,,138,Eglinton East (138)
1103,2007,2007-02-25T05:00:00,1255,12,DUFFERIN ST,CHANDOS AVE,,Major Arterial,Toronto and East York,9,13,43.671245,-79.44029,Intersection,At Intersection,No Control,Clear,Daylight,Dry,Non-Fatal Injury,Pedestrian Collisions,Vehicle Owner,unknown,,,,Other,,,,,,,Yes,Yes,,,,,,Yes,,,,93,Dovercourt-Wallace Emerson-Junction (93)
1104,2007,2007-02-25T05:00:00,1255,12,DUFFERIN ST,CHANDOS AVE,,Major Arterial,Toronto and East York,9,13,43.671245,-79.44029,Intersection,At Intersection,No Control,Clear,Daylight,Dry,Non-Fatal Injury,Pedestrian Collisions,Driver,35 to 39,None,,North,"Automobile, Station Wagon",Turning Left,Failed to Yield Right of Way,Inattentive,,,,Yes,Yes,,,,,,Yes,,,,93,Dovercourt-Wallace Emerson-Junction (93)
1105,2007,2007-02-25T05:00:00,1255,12,DUFFERIN ST,CHANDOS AVE,,Major Arterial,Toronto and East York,9,13,43.671245,-79.44029,Intersection,At Intersection,No Control,Clear,Daylight,Dry,Non-Fatal Injury,Pedestrian Collisions,Pedestrian,60 to 64,Major,,South,Other,,,,Vehicle turns left while ped crosses with ROW at inter.,Crossing with right of way,Normal,Yes,Yes,,,,,,Yes,,,,93,Dovercourt-Wallace Emerson-Junction (93)
2363,2007,2007-11-17T05:00:00,1255,12,DUFFERIN ST,HOLMESDALE RD,,Major Arterial,Toronto and East York,,13,43.688645,-79.44739,Intersection,At Intersection,Traffic Signal,Clear,Daylight,Dry,Non-Fatal Injury,Pedestrian Collisions,Driver,75 to 79,None,,South,"Automobile, Station Wagon",Going Ahead,Disobeyed Traffic Control,Inattentive,,,,Yes,Yes,,,,,,Yes,Yes,,,107,Oakwood Village (107)
2373,2007,2007-11-17T05:00:00,1255,12,DUFFERIN ST,HOLMESDALE RD,,Major Arterial,Toronto and East York,,13,43.688645,-79.44739,Intersection,At Intersection,Traffic Signal,Clear,Daylight,Dry,Non-Fatal Injury,Pedestrian Collisions,Pedestrian,40 to 44,Major,,East,Other,,,,Vehicle is going straight thru inter.while ped cross with ROW,Crossing with right of way,Normal,Yes,Yes,,,,,,Yes,Yes,,,107,Oakwood Village (107)
5686,2009,2009-10-21T04:00:00,1255,12,WESTON RD,FENMAR DR,,Major Arterial,Etobicoke York,7,31,43.756345,-79.54349,Mid-Block,At Intersection,No Control,Rain,Daylight,Wet,Fatal,Pedestrian Collisions,Other,unknown,None,,South,Other,Parked,,,,,,Yes,,Yes,,,,,,,,,21,Humber Summit (21)
5687,2009,2009-10-21T04:00:00,1255,12,WESTON RD,FENMAR DR,,Major Arterial,Etobicoke York,7,31,43.756345,-79.54349,Mid-Block,At Intersection,No Control,Rain,Daylight,Wet,Fatal,Pedestrian Collisions,Vehicle Owner,unknown,,,,Other,,,,,,,Yes,,Yes,,,,,,,,,21,Humber Summit (21)
5688,2009,2009-10-21T04:00:00,1255,12,WESTON RD,FENMAR DR,,Major Arterial,Etobicoke York,7,31,43.756345,-79.54349,Mid-Block,At Intersection,No Control,Rain,Daylight,Wet,Fatal,Pedestrian Collisions,Truck Driver,20 to 24,None,,South,Truck - Open,Slowing or Stopping,Other,Normal,,,,Yes,,Yes,,,,,,,,,21,Humber Summit (21)
5690,2009,2009-10-21T04:00:00,1255,12,WESTON RD,FENMAR DR,,Major Arterial,Etobicoke York,7,31,43.756345,-79.54349,Mid-Block,At Intersection,No Control,Rain,Daylight,Wet,Fatal,Pedestrian Collisions,Pedestrian,50 to 54,Fatal,35,Unknown,Other,,,,Other / Undefined,Pushing/Working on Vehicle,Unknown,Yes,,Yes,,,,,,,,,21,Humber Summit (21)
5889,2009,2009-11-09T05:00:00,1255,12,QUEEN Stre W,ST PATRICK Stre,,Major Arterial,Toronto and East York,10,52,43.650445,-79.38869,Intersection,At Intersection,Traffic Signal,Clear,Daylight,Dry,Non-Fatal Injury,Pedestrian Collisions,Pedestrian,35 to 39,Major,,North,Other,,,,Vehicle is going straight thru inter.while ped cross without ROW,Crossing without right of way,Inattentive,Yes,,,,,,,,,,,78,Kensington-Chinatown (78)
5890,2009,2009-11-09T05:00:00,1255,12,QUEEN Stre W,ST PATRICK Stre,,Major Arterial,Toronto and East York,10,52,43.650445,-79.38869,Intersection,At Intersection,Traffic Signal,Clear,Daylight,Dry,Non-Fatal Injury,Pedestrian Collisions,Cyclist,25 to 29,Minimal,,East,Bicycle,Going Ahead,,,,,,Yes,,,,,,,,,,,78,Kensington-Chinatown (78)
10862,2014,2014-02-04T05:00:00,1255,12,KIPLING AVE,WESTHUMBER BLVD,,Major Arterial,Etobicoke York,1,23,43.728125,-79.574649,Intersection,At Intersection,Traffic Signal,Clear,Daylight,Dry,Non-Fatal Injury,Pedestrian Collisions,Driver,35 to 39,None,,West,"Automobile, Station Wagon",Going Ahead,Driving Properly,Normal,,,,Yes,Yes,,,,,,Yes,Yes,Yes,,4,Rexdale-Kipling (4)
10863,2014,2014-02-04T05:00:00,1255,12,KIPLING AVE,WESTHUMBER BLVD,,Major Arterial,Etobicoke York,1,23,43.728125,-79.574649,Intersection,At Intersection,Traffic Signal,Clear,Daylight,Dry,Non-Fatal Injury,Pedestrian Collisions,Driver,60 to 64,None,,South,"Automobile, Station Wagon",Going Ahead,Disobeyed Traffic Control,"Ability Impaired, Alcohol Over .08",,,,Yes,Yes,,,,,,Yes,Yes,Yes,,4,Rexdale-Kipling (4)
10864,2014,2014-02-04T05:00:00,1255,12,KIPLING AVE,WESTHUMBER BLVD,,Major Arterial,Etobicoke York,1,23,43.728125,-79.574649,Intersection,At Intersection,Traffic Signal,Clear,Daylight,Dry,Non-Fatal Injury,Pedestrian Collisions,Pedestrian,25 to 29,Major,,East,,,,,Vehicle is going straight thru inter.while ped cross with ROW,Crossing with right of way,Normal,Yes,Yes,,,,,,Yes,Yes,Yes,,4,Rexdale-Kipling (4)
4512,2009,2009-06-02T04:00:00,1256,12,PRITCHARD Aven,MOULD Aven,,Local,Etobicoke York,5,12,43.670545,-79.48809,Intersection,At Intersection,Stop Sign,Clear,Daylight,Dry,Non-Fatal Injury,Pedestrian Collisions,In-Line Skater,15 to 19,Major,,West,Other,Going Ahead,,,Other / Undefined,Crossing with right of way,Normal,Yes,,,,,,,,,,,111,Rockcliffe-Smythe (111)
11019,2015,2015-04-24T04:00:00,1256,12,BROADVIEW AVE,DEARBOURNE AVE,6 m South of,Minor Arterial,Toronto and East York,14,55,43.675391,-79.358073,Intersection,Intersection Related,Stop Sign,Clear,Daylight,Dry,Non-Fatal Injury,Pedestrian Collisions,Driver,60 to 64,None,,West,"Automobile, Station Wagon",Turning Left,Failed to Yield Right of Way,Normal,,,,Yes,Yes,,,,,,Yes,,,,68,North Riverdale (68)
11020,2015,2015-04-24T04:00:00,1256,12,BROADVIEW AVE,DEARBOURNE AVE,6 m South of,Minor Arterial,Toronto and East York,14,55,43.675391,-79.358073,Intersection,Intersection Related,Stop Sign,Clear,Daylight,Dry,Non-Fatal Injury,Pedestrian Collisions,Pedestrian,90 to 94,Major,,East,,,,,Vehicle turns left while ped crosses with ROW at inter.,"Crossing, no Traffic Control",Normal,Yes,Yes,,,,,,Yes,,,,68,North Riverdale (68)
14249,2018,2018-06-23T04:00:00,1259,12,EGLINTON AVE W,CASTLE KNOCK RD,,Major Arterial,North York,,53,43.703868,-79.411601,Intersection,At Intersection,Traffic Signal,Rain,Daylight,Wet,Fatal,Pedestrian Collisions,Driver,50 to 54,None,,West,"Automobile, Station Wagon",Going Ahead,Driving Properly,Normal,,,,Yes,Yes,,,,,,,,,,101,Forest Hill South (101)
14250,2018,2018-06-23T04:00:00,1259,12,EGLINTON AVE W,CASTLE KNOCK RD,,Major Arterial,North York,,53,43.703868,-79.411601,Intersection,At Intersection,Traffic Signal,Rain,Daylight,Wet,Fatal,Pedestrian Collisions,Pedestrian,70 to 74,Fatal,34,Unknown,,,,,Other / Undefined,Running onto Roadway,Had Been Drinking,Yes,Yes,,,,,,,,,,101,Forest Hill South (101)
1630,2006,2006-12-02T05:00:00,1300,13,THE EAST MALL,FORMULA CRT,,Minor Arterial,Etobicoke York,2,22,43.640145,-79.55709,Intersection,,No Control,Clear,Daylight,Dry,Non-Fatal Injury,Pedestrian Collisions,Driver,80 to 84,None,,North,"Automobile, Station Wagon",Going Ahead,Driving Properly,Normal,,,,Yes,Yes,,,,,,,,,,14,Islington-City Centre West (14)
1631,2006,2006-12-02T05:00:00,1300,13,THE EAST MALL,FORMULA CRT,,Minor Arterial,Etobicoke York,2,22,43.640145,-79.55709,Intersection,,No Control,Clear,Daylight,Dry,Non-Fatal Injury,Pedestrian Collisions,Pedestrian,70 to 74,Major,,West,Other,,,,Vehicle is going straight thru inter.while ped cross without ROW,"Crossing, no Traffic Control",Unknown,Yes,Yes,,,,,,,,,,14,Islington-City Centre West (14)
1644,2006,2006-12-06T05:00:00,1300,13,MORTIMER Aven,BINSWOOD Aven,,Minor Arterial,Toronto and East York,19,54,43.691145,-79.32279,Intersection,At Intersection,Stop Sign,Rain,Daylight,Wet,Non-Fatal Injury,Pedestrian Collisions,Driver,50 to 54,Minor,,West,"Automobile, Station Wagon",Going Ahead,Driving Properly,Normal,,,,Yes,Yes,,,,,,Yes,,,,59,Danforth East York (59)
1645,2006,2006-12-06T05:00:00,1300,13,MORTIMER Aven,BINSWOOD Aven,,Minor Arterial,Toronto and East York,19,54,43.691145,-79.32279,Intersection,At Intersection,Stop Sign,Rain,Daylight,Wet,Non-Fatal Injury,Pedestrian Collisions,Driver,65 to 69,None,,South,"Automobile, Station Wagon",Going Ahead,Wrong Way on One Way Road,Inattentive,,,,Yes,Yes,,,,,,Yes,,,,59,Danforth East York (59)
1646,2006,2006-12-06T05:00:00,1300,13,MORTIMER Aven,BINSWOOD Aven,,Minor Arterial,Toronto and East York,19,54,43.691145,-79.32279,Intersection,At Intersection,Stop Sign,Rain,Daylight,Wet,Non-Fatal Injury,Pedestrian Collisions,Pedestrian,55 to 59,Major,,,Other,,,,Pedestrian hit on sidewalk or shoulder,On Sidewalk or Shoulder,Unknown,Yes,Yes,,,,,,Yes,,,,59,Danforth East York (59)
7181,2011,2011-10-12T04:00:00,1300,13,BLOOR Stre W,RUNNYMEDE Road,,Major Arterial,Toronto and East York,4,11,43.651145,-79.47629,,,No Control,Clear,Daylight,Other,Non-Fatal Injury,Pedestrian Collisions,Driver,unknown,None,,,"Automobile, Station Wagon",Going Ahead,,,,,,Yes,Yes,,,,,,,,,,88,High Park North (88)
7182,2011,2011-10-12T04:00:00,1300,13,BLOOR Stre W,RUNNYMEDE Road,,Major Arterial,Toronto and East York,4,11,43.651145,-79.47629,,,No Control,Clear,Daylight,Other,Non-Fatal Injury,Pedestrian Collisions,Pedestrian,unknown,Major,,,Other,Other,,,,,,Yes,Yes,,,,,,,,,,88,High Park North (88)
5665,2009,2009-10-16T04:00:00,1301,13,STEELES AVE W,TANGREEN CRT,,Major Arterial,North York,18,32,43.796645,-79.42629,Intersection,,No Control,Clear,Daylight,Dry,Fatal,Pedestrian Collisions,Vehicle Owner,unknown,,,,Other,,,,,,,Yes,Yes,,,,,,,,,,36,Newtonbrook West (36)
5666,2009,2009-10-16T04:00:00,1301,13,STEELES AVE W,TANGREEN CRT,,Major Arterial,North York,18,32,43.796645,-79.42629,Intersection,,No Control,Clear,Daylight,Dry,Fatal,Pedestrian Collisions,Driver,50 to 54,None,,West,"Automobile, Station Wagon",Going Ahead,Driving Properly,Normal,,,,Yes,Yes,,,,,,,,,,36,Newtonbrook West (36)
5667,2009,2009-10-16T04:00:00,1301,13,STEELES AVE W,TANGREEN CRT,,Major Arterial,North York,18,32,43.796645,-79.42629,Intersection,,No Control,Clear,Daylight,Dry,Fatal,Pedestrian Collisions,Pedestrian,80 to 84,Fatal,41,South,Other,,,,Vehicle is going straight thru inter.while ped cross without ROW,"Crossing, no Traffic Control",Inattentive,Yes,Yes,,,,,,,,,,36,Newtonbrook West (36)
10411,2013,2013-12-31T05:00:00,1303,13,JANE ST,ARDAGH ST,,Major Arterial,Toronto and East York,4,11,43.655669,-79.487071,Intersection,At Intersection,Traffic Signal,Clear,Daylight,Dry,Non-Fatal Injury,Pedestrian Collisions,Driver,45 to 49,None,,West,"Automobile, Station Wagon",Turning Left,Failed to Yield Right of Way,Normal,,,,Yes,Yes,,,,,,Yes,,,,89,Runnymede-Bloor West Village (89)
10412,2013,2013-12-31T05:00:00,1303,13,JANE ST,ARDAGH ST,,Major Arterial,Toronto and East York,4,11,43.655669,-79.487071,Intersection,At Intersection,Traffic Signal,Clear,Daylight,Dry,Non-Fatal Injury,Pedestrian Collisions,Pedestrian,35 to 39,Major,,Unknown,,,,,Vehicle turns left while ped crosses with ROW at inter.,Crossing with right of way,Normal,Yes,Yes,,,,,,Yes,,,,89,Runnymede-Bloor West Village (89)