_id,YEAR,DATE,TIME,HOUR,STREET1,STREET2,OFFSET,ROAD_CLASS,District,WardNum,Division,LATITUDE,LONGITUDE,LOCCOORD,ACCLOC,TRAFFCTL,VISIBILITY,LIGHT,RDSFCOND,ACCLASS,IMPACTYPE,INVTYPE,INVAGE,INJURY,FATAL_NO,INITDIR,VEHTYPE,MANOEUVER,DRIVACT,DRIVCOND,PEDTYPE,PEDACT,PEDCOND,PEDESTRIAN,AUTOMOBILE,TRUCK,TRSN_CITY_VEH,EMERG_VEH,PASSENGER,SPEEDING,AG_DRIV,REDLIGHT,ALCOHOL,DISABILITY,Hood_ID,Neighbourhood
1438,2006,2006-09-20T04:00:00,1315,13,2440 DUNDAS ST W,,,Minor Arterial,Toronto and East York,4,11,43.658545,-79.45309,Mid-Block,,No Control,Clear,Daylight,Dry,Non-Fatal Injury,Pedestrian Collisions,Truck Driver,35 to 39,None,,North,Truck - Open,Going Ahead,Driving Properly,Normal,,,,Yes,Yes,Yes,,,,,,,,,88,High Park North (88)
1439,2006,2006-09-20T04:00:00,1315,13,2440 DUNDAS ST W,,,Minor Arterial,Toronto and East York,4,11,43.658545,-79.45309,Mid-Block,,No Control,Clear,Daylight,Dry,Non-Fatal Injury,Pedestrian Collisions,Other Property Owner,unknown,,,,Other,,,,,,,Yes,Yes,Yes,,,,,,,,,88,High Park North (88)
1440,2006,2006-09-20T04:00:00,1315,13,2440 DUNDAS ST W,,,Minor Arterial,Toronto and East York,4,11,43.658545,-79.45309,Mid-Block,,No Control,Clear,Daylight,Dry,Non-Fatal Injury,Pedestrian Collisions,Pedestrian,60 to 64,Major,,North,Other,,,,Vehicle is reversing and hits pedestrian,On Sidewalk or Shoulder,Normal,Yes,Yes,Yes,,,,,,,,,88,High Park North (88)
1441,2006,2006-09-20T04:00:00,1315,13,2440 DUNDAS ST W,,,Minor Arterial,Toronto and East York,4,11,43.658545,-79.45309,Mid-Block,,No Control,Clear,Daylight,Dry,Non-Fatal Injury,Pedestrian Collisions,Driver,80 to 84,None,,East,"Automobile, Station Wagon",Reversing,Lost control,Normal,,,,Yes,Yes,Yes,,,,,,,,,88,High Park North (88)
4065,2009,2009-01-14T05:00:00,1315,13,ISLINGTON Aven,SUMMITCREST Driv,,Major Arterial,Etobicoke York,2,23,43.683145,-79.54049,Intersection,At Intersection,Traffic Signal,Clear,Daylight,Dry,Non-Fatal Injury,Pedestrian Collisions,Driver,40 to 44,None,,East,"Automobile, Station Wagon",Turning Left,Failed to Yield Right of Way,Inattentive,,,,Yes,Yes,,,,,,Yes,,,,7,Willowridge-Martingrove-Richview (7)
4066,2009,2009-01-14T05:00:00,1315,13,ISLINGTON Aven,SUMMITCREST Driv,,Major Arterial,Etobicoke York,2,23,43.683145,-79.54049,Intersection,At Intersection,Traffic Signal,Clear,Daylight,Dry,Non-Fatal Injury,Pedestrian Collisions,Pedestrian,15 to 19,Major,,West,Other,,,,Vehicle turns left while ped crosses with ROW at inter.,Crossing with right of way,Normal,Yes,Yes,,,,,,Yes,,,,7,Willowridge-Martingrove-Richview (7)
6763,2010,2010-10-21T04:00:00,1315,13,STEELES AVE W,CARPENTER RD,,Major Arterial,North York,6,32,43.792045,-79.44759,Intersection,At Intersection,Traffic Signal,Clear,Daylight,Dry,Non-Fatal Injury,Pedestrian Collisions,Vehicle Owner,unknown,,,,Other,,,,,,,Yes,Yes,,,,,,Yes,,,,35,Westminster-Branson (35)
6764,2010,2010-10-21T04:00:00,1315,13,STEELES AVE W,CARPENTER RD,,Major Arterial,North York,6,32,43.792045,-79.44759,Intersection,At Intersection,Traffic Signal,Clear,Daylight,Dry,Non-Fatal Injury,Pedestrian Collisions,Driver,20 to 24,None,,South,"Automobile, Station Wagon",Turning Left,Failed to Yield Right of Way,Normal,,,,Yes,Yes,,,,,,Yes,,,,35,Westminster-Branson (35)
6765,2010,2010-10-21T04:00:00,1315,13,STEELES AVE W,CARPENTER RD,,Major Arterial,North York,6,32,43.792045,-79.44759,Intersection,At Intersection,Traffic Signal,Clear,Daylight,Dry,Non-Fatal Injury,Pedestrian Collisions,Pedestrian,60 to 64,Major,,North,Other,,,,Vehicle turns left while ped crosses with ROW at inter.,Crossing with right of way,Normal,Yes,Yes,,,,,,Yes,,,,35,Westminster-Branson (35)
8129,2012,2012-06-23T04:00:00,1315,13,SHEPPARD AVE W,JANE ST,,Major Arterial,Etobicoke York,,31,43.739545,-79.51249,Mid-Block,At Intersection,No Control,Clear,Daylight,Dry,Non-Fatal Injury,Pedestrian Collisions,Driver,65 to 69,None,,West,"Automobile, Station Wagon",Changing Lanes,Lost control,Other,,,,Yes,Yes,,,,,,,,,,25,Glenfield-Jane Heights (25)
8231,2012,2012-06-23T04:00:00,1315,13,SHEPPARD AVE W,JANE ST,,Major Arterial,Etobicoke York,,31,43.739545,-79.51249,Mid-Block,At Intersection,No Control,Clear,Daylight,Dry,Non-Fatal Injury,Pedestrian Collisions,Pedestrian,75 to 79,Major,,West,Other,,,,Pedestrian hit on sidewalk or shoulder,On Sidewalk or Shoulder,Unknown,Yes,Yes,,,,,,,,,,25,Glenfield-Jane Heights (25)
12303,2016,2016-02-18T05:00:00,1315,13,DAWES RD,SECORD AVE,,Minor Arterial,Toronto and East York,19,54,43.69353,-79.297221,Intersection,At Intersection,Traffic Signal,Clear,Daylight,Dry,Fatal,Pedestrian Collisions,Driver,30 to 34,None,,South,Delivery Van,Turning Right,Failed to Yield Right of Way,Inattentive,,,,Yes,Yes,,,,,,Yes,,,,61,Taylor-Massey (61)
12304,2016,2016-02-18T05:00:00,1315,13,DAWES RD,SECORD AVE,,Minor Arterial,Toronto and East York,19,54,43.69353,-79.297221,Intersection,At Intersection,Traffic Signal,Clear,Daylight,Dry,Fatal,Pedestrian Collisions,Pedestrian,70 to 74,Fatal,13,North,,,,,Vehicle turns right while ped crosses with ROW at inter.,Crossing with right of way,Normal,Yes,Yes,,,,,,Yes,,,,61,Taylor-Massey (61)
15042,2019,2019-06-20T04:00:00,1315,13,REGENT PARK BLVD,DUNDAS ST E,,Major Arterial,Toronto and East York,13,51,43.660288,-79.361743,Intersection,At Intersection,Traffic Signal,Clear,Daylight,Dry,Fatal,Pedestrian Collisions,Pedestrian,35 to 39,Fatal,23,Unknown,,,,,Pedestrian hit on sidewalk or shoulder,On Sidewalk or Shoulder,Normal,Yes,Yes,,,,,,,,,,72,Regent Park (72)
15043,2019,2019-06-20T04:00:00,1315,13,REGENT PARK BLVD,DUNDAS ST E,,Major Arterial,Toronto and East York,13,51,43.660288,-79.361743,Intersection,At Intersection,Traffic Signal,Clear,Daylight,Dry,Fatal,Pedestrian Collisions,Driver,40 to 44,None,,East,"Automobile, Station Wagon",Going Ahead,Lost control,"Ability Impaired, Drugs",,,,Yes,Yes,,,,,,,,,,72,Regent Park (72)
5782,2010,2010-01-12T05:00:00,1317,13,DUNDAS ST W,RONCESVALLES AVE,,Minor Arterial,Toronto and East York,4,11,43.653845,-79.45179,Intersection,At Intersection,Traffic Signal,Clear,Daylight,Dry,Fatal,Pedestrian Collisions,Vehicle Owner,unknown,,,,Other,,,,,,,Yes,Yes,,,,,,,,,,86,Roncesvalles (86)
5783,2010,2010-01-12T05:00:00,1317,13,DUNDAS ST W,RONCESVALLES AVE,,Minor Arterial,Toronto and East York,4,11,43.653845,-79.45179,Intersection,At Intersection,Traffic Signal,Clear,Daylight,Dry,Fatal,Pedestrian Collisions,Driver,20 to 24,None,,South,"Automobile, Station Wagon",Going Ahead,Driving Properly,Normal,,,,Yes,Yes,,,,,,,,,,86,Roncesvalles (86)
5784,2010,2010-01-12T05:00:00,1317,13,DUNDAS ST W,RONCESVALLES AVE,,Minor Arterial,Toronto and East York,4,11,43.653845,-79.45179,Intersection,At Intersection,Traffic Signal,Clear,Daylight,Dry,Fatal,Pedestrian Collisions,Pedestrian,40 to 44,Minor,,East,Other,,,,Vehicle is going straight thru inter.while ped cross without ROW,Crossing without right of way,Inattentive,Yes,Yes,,,,,,,,,,86,Roncesvalles (86)
5785,2010,2010-01-12T05:00:00,1317,13,DUNDAS ST W,RONCESVALLES AVE,,Minor Arterial,Toronto and East York,4,11,43.653845,-79.45179,Intersection,At Intersection,Traffic Signal,Clear,Daylight,Dry,Fatal,Pedestrian Collisions,Pedestrian,80 to 84,Fatal,3,East,Other,,,,Vehicle is going straight thru inter.while ped cross without ROW,Crossing without right of way,Inattentive,Yes,Yes,,,,,,,,,,86,Roncesvalles (86)
4793,2009,2009-03-07T05:00:00,1318,13,ROGERS RD,NORTHCLIFFE BLVD,,Minor Arterial,Toronto and East York,,13,43.686145,-79.44329,Mid-Block,,No Control,Rain,Daylight,Wet,Non-Fatal Injury,Pedestrian Collisions,Driver,30 to 34,None,,East,"Automobile, Station Wagon",Going Ahead,Driving Properly,Normal,,,,Yes,Yes,,,,,,,,,,107,Oakwood Village (107)
4794,2009,2009-03-07T05:00:00,1318,13,ROGERS RD,NORTHCLIFFE BLVD,,Minor Arterial,Toronto and East York,,13,43.686145,-79.44329,Mid-Block,,No Control,Rain,Daylight,Wet,Non-Fatal Injury,Pedestrian Collisions,Pedestrian,10 to 14,Major,,,Other,Other,,,Vehicle hits the pedestrian walking or running out from between parked vehicles at mid-block,Coming From Behind Parked Vehicle,Inattentive,Yes,Yes,,,,,,,,,,107,Oakwood Village (107)
6921,2010,2010-12-15T05:00:00,1318,13,DUNDAS ST W,CHELSEA AVE,,Minor Arterial,Toronto and East York,4,11,43.658845,-79.45319,Mid-Block,,No Control,Clear,Daylight,Wet,Non-Fatal Injury,Pedestrian Collisions,Driver,75 to 79,None,,South,"Automobile, Station Wagon",Going Ahead,Driving Properly,Normal,,,,Yes,Yes,,,,,,,,,,88,High Park North (88)
6922,2010,2010-12-15T05:00:00,1318,13,DUNDAS ST W,CHELSEA AVE,,Minor Arterial,Toronto and East York,4,11,43.658845,-79.45319,Mid-Block,,No Control,Clear,Daylight,Wet,Non-Fatal Injury,Pedestrian Collisions,Pedestrian,85 to 89,Major,,East,Other,,,,Vehicle hits the pedestrian walking or running out from between parked vehicles at mid-block,Coming From Behind Parked Vehicle,Inattentive,Yes,Yes,,,,,,,,,,88,High Park North (88)
9472,2013,2013-07-03T04:00:00,1319,13,LAKE SHORE BLVD W,BAY ST,,Major Arterial,Toronto and East York,10,52,43.642996,-79.377811,Intersection,,Traffic Signal,Clear,Daylight,Dry,Fatal,Pedestrian Collisions,Vehicle Owner,unknown,,,,,,,,,,,Yes,Yes,,,,Yes,,Yes,,,,77,Waterfront Communities-The Island (77)
9473,2013,2013-07-03T04:00:00,1319,13,LAKE SHORE BLVD W,BAY ST,,Major Arterial,Toronto and East York,10,52,43.642996,-79.377811,Intersection,,Traffic Signal,Clear,Daylight,Dry,Fatal,Pedestrian Collisions,Driver,65 to 69,Major,,West,"Automobile, Station Wagon",Going Ahead,Driving Properly,Normal,,,,Yes,Yes,,,,Yes,,Yes,,,,77,Waterfront Communities-The Island (77)
9474,2013,2013-07-03T04:00:00,1319,13,LAKE SHORE BLVD W,BAY ST,,Major Arterial,Toronto and East York,10,52,43.642996,-79.377811,Intersection,,Traffic Signal,Clear,Daylight,Dry,Fatal,Pedestrian Collisions,Passenger,50 to 54,Minor,,,,,,,,,,Yes,Yes,,,,Yes,,Yes,,,,77,Waterfront Communities-The Island (77)
9475,2013,2013-07-03T04:00:00,1319,13,LAKE SHORE BLVD W,BAY ST,,Major Arterial,Toronto and East York,10,52,43.642996,-79.377811,Intersection,,Traffic Signal,Clear,Daylight,Dry,Fatal,Pedestrian Collisions,Passenger,65 to 69,None,,,,,,,,,,Yes,Yes,,,,Yes,,Yes,,,,77,Waterfront Communities-The Island (77)
9476,2013,2013-07-03T04:00:00,1319,13,LAKE SHORE BLVD W,BAY ST,,Major Arterial,Toronto and East York,10,52,43.642996,-79.377811,Intersection,,Traffic Signal,Clear,Daylight,Dry,Fatal,Pedestrian Collisions,Driver,50 to 54,Minor,,West,"Automobile, Station Wagon",Changing Lanes,Improper Lane Change,Inattentive,,,,Yes,Yes,,,,Yes,,Yes,,,,77,Waterfront Communities-The Island (77)
9477,2013,2013-07-03T04:00:00,1319,13,LAKE SHORE BLVD W,BAY ST,,Major Arterial,Toronto and East York,10,52,43.642996,-79.377811,Intersection,,Traffic Signal,Clear,Daylight,Dry,Fatal,Pedestrian Collisions,Pedestrian,5 to 9,Minor,,North,,,,,Pedestrian hit on sidewalk or shoulder,On Sidewalk or Shoulder,Unknown,Yes,Yes,,,,Yes,,Yes,,,,77,Waterfront Communities-The Island (77)
9478,2013,2013-07-03T04:00:00,1319,13,LAKE SHORE BLVD W,BAY ST,,Major Arterial,Toronto and East York,10,52,43.642996,-79.377811,Intersection,,Traffic Signal,Clear,Daylight,Dry,Fatal,Pedestrian Collisions,Pedestrian,15 to 19,Minor,,North,,,,,Pedestrian hit on sidewalk or shoulder,On Sidewalk or Shoulder,Unknown,Yes,Yes,,,,Yes,,Yes,,,,77,Waterfront Communities-The Island (77)
9479,2013,2013-07-03T04:00:00,1319,13,LAKE SHORE BLVD W,BAY ST,,Major Arterial,Toronto and East York,10,52,43.642996,-79.377811,Intersection,,Traffic Signal,Clear,Daylight,Dry,Fatal,Pedestrian Collisions,Pedestrian,40 to 44,Minor,,North,,,,,Pedestrian hit on sidewalk or shoulder,On Sidewalk or Shoulder,Unknown,Yes,Yes,,,,Yes,,Yes,,,,77,Waterfront Communities-The Island (77)
9480,2013,2013-07-03T04:00:00,1319,13,LAKE SHORE BLVD W,BAY ST,,Major Arterial,Toronto and East York,10,52,43.642996,-79.377811,Intersection,,Traffic Signal,Clear,Daylight,Dry,Fatal,Pedestrian Collisions,Pedestrian,55 to 59,Major,,North,,,,,Pedestrian hit on sidewalk or shoulder,On Sidewalk or Shoulder,Unknown,Yes,Yes,,,,Yes,,Yes,,,,77,Waterfront Communities-The Island (77)
9481,2013,2013-07-03T04:00:00,1319,13,LAKE SHORE BLVD W,BAY ST,,Major Arterial,Toronto and East York,10,52,43.642996,-79.377811,Intersection,,Traffic Signal,Clear,Daylight,Dry,Fatal,Pedestrian Collisions,Pedestrian,70 to 74,Fatal,19,North,,,,,Pedestrian hit on sidewalk or shoulder,On Sidewalk or Shoulder,Unknown,Yes,Yes,,,,Yes,,Yes,,,,77,Waterfront Communities-The Island (77)
9482,2013,2013-07-03T04:00:00,1319,13,LAKE SHORE BLVD W,BAY ST,,Major Arterial,Toronto and East York,10,52,43.642996,-79.377811,Intersection,,Traffic Signal,Clear,Daylight,Dry,Fatal,Pedestrian Collisions,Pedestrian,45 to 49,Minimal,,North,,,,,Pedestrian hit on sidewalk or shoulder,On Sidewalk or Shoulder,Unknown,Yes,Yes,,,,Yes,,Yes,,,,77,Waterfront Communities-The Island (77)
9483,2013,2013-07-03T04:00:00,1319,13,LAKE SHORE BLVD W,BAY ST,,Major Arterial,Toronto and East York,10,52,43.642996,-79.377811,Intersection,,Traffic Signal,Clear,Daylight,Dry,Fatal,Pedestrian Collisions,Pedestrian,70 to 74,Major,,North,,,,,Pedestrian hit on sidewalk or shoulder,On Sidewalk or Shoulder,Unknown,Yes,Yes,,,,Yes,,Yes,,,,77,Waterfront Communities-The Island (77)
1158,2006,2006-10-30T05:00:00,1320,13,SHEPPARD AVE E,KENNEDY RD,,Major Arterial,Scarborough,22,42,43.783245,-79.28829,Intersection,At Intersection,Traffic Signal,Clear,Daylight,Dry,Non-Fatal Injury,Pedestrian Collisions,Vehicle Owner,unknown,,,,Other,,,,,,,Yes,Yes,,,,,,Yes,,,,128,Agincourt South-Malvern West (128)
1159,2006,2006-10-30T05:00:00,1320,13,SHEPPARD AVE E,KENNEDY RD,,Major Arterial,Scarborough,22,42,43.783245,-79.28829,Intersection,At Intersection,Traffic Signal,Clear,Daylight,Dry,Non-Fatal Injury,Pedestrian Collisions,Driver,45 to 49,None,,East,"Automobile, Station Wagon",Turning Right,Failed to Yield Right of Way,Normal,,,,Yes,Yes,,,,,,Yes,,,,128,Agincourt South-Malvern West (128)
1160,2006,2006-10-30T05:00:00,1320,13,SHEPPARD AVE E,KENNEDY RD,,Major Arterial,Scarborough,22,42,43.783245,-79.28829,Intersection,At Intersection,Traffic Signal,Clear,Daylight,Dry,Non-Fatal Injury,Pedestrian Collisions,Pedestrian,70 to 74,Major,,East,Other,,,,Pedestrian involved in a collision with transit vehicle anywhere along roadway,Crossing with right of way,Normal,Yes,Yes,,,,,,Yes,,,,128,Agincourt South-Malvern West (128)
5950,2009,2009-09-22T04:00:00,1320,13,SUNNYSIDE Aven,MARION Stre,,Collector,Toronto and East York,4,11,43.639945,-79.44889,Mid-Block,,No Control,Clear,Daylight,Dry,Non-Fatal Injury,Pedestrian Collisions,Vehicle Owner,unknown,,,,Other,,,,,,,Yes,Yes,,,,,,,,,,87,High Park-Swansea (87)
5951,2009,2009-09-22T04:00:00,1320,13,SUNNYSIDE Aven,MARION Stre,,Collector,Toronto and East York,4,11,43.639945,-79.44889,Mid-Block,,No Control,Clear,Daylight,Dry,Non-Fatal Injury,Pedestrian Collisions,Driver,65 to 69,None,,North,"Automobile, Station Wagon",Going Ahead,Driving Properly,Normal,,,,Yes,Yes,,,,,,,,,,87,High Park-Swansea (87)
5953,2009,2009-09-22T04:00:00,1320,13,SUNNYSIDE Aven,MARION Stre,,Collector,Toronto and East York,4,11,43.639945,-79.44889,Mid-Block,,No Control,Clear,Daylight,Dry,Non-Fatal Injury,Pedestrian Collisions,Pedestrian,40 to 44,Major,,West,Other,,,,Vehicle hits the pedestrian walking or running out from between parked vehicles at mid-block,Coming From Behind Parked Vehicle,Normal,Yes,Yes,,,,,,,,,,87,High Park-Swansea (87)
13562,2017,2017-06-06T04:00:00,1320,13,MARKHAM  RD,ELLESMERE RD,69 m North of,Major Arterial,Scarborough,24,43,43.777068,-79.231982,Mid-Block,Non Intersection,No Control,Rain,Daylight,Wet,Non-Fatal Injury,Pedestrian Collisions,Pedestrian,20 to 24,Major,,Unknown,,,,,Pedestrian hit on sidewalk or shoulder,On Sidewalk or Shoulder,Normal,Yes,Yes,,,,,,,,,,137,Woburn (137)
13563,2017,2017-06-06T04:00:00,1320,13,MARKHAM  RD,ELLESMERE RD,69 m North of,Major Arterial,Scarborough,24,43,43.777068,-79.231982,Mid-Block,Non Intersection,No Control,Rain,Daylight,Wet,Non-Fatal Injury,Pedestrian Collisions,Driver,40 to 44,None,,South,"Automobile, Station Wagon",Going Ahead,Lost control,Normal,,,,Yes,Yes,,,,,,,,,,137,Woburn (137)
10897,2014,2014-02-16T05:00:00,1321,13,BAY ST,HARBOUR ST,,Major Arterial,Toronto and East York,10,52,43.642073,-79.377429,Intersection,At Intersection,Traffic Signal,Clear,Daylight,Dry,Non-Fatal Injury,Pedestrian Collisions,Driver,70 to 74,None,,East,"Automobile, Station Wagon",Turning Left,Improper Turn,Normal,,,,Yes,Yes,,,,Yes,,Yes,,,,77,Waterfront Communities-The Island (77)
10898,2014,2014-02-16T05:00:00,1321,13,BAY ST,HARBOUR ST,,Major Arterial,Toronto and East York,10,52,43.642073,-79.377429,Intersection,At Intersection,Traffic Signal,Clear,Daylight,Dry,Non-Fatal Injury,Pedestrian Collisions,Driver,15 to 19,None,,East,"Automobile, Station Wagon",Going Ahead,Driving Properly,Normal,,,,Yes,Yes,,,,Yes,,Yes,,,,77,Waterfront Communities-The Island (77)
10899,2014,2014-02-16T05:00:00,1321,13,BAY ST,HARBOUR ST,,Major Arterial,Toronto and East York,10,52,43.642073,-79.377429,Intersection,At Intersection,Traffic Signal,Clear,Daylight,Dry,Non-Fatal Injury,Pedestrian Collisions,Pedestrian,35 to 39,Major,,Unknown,,,,,Pedestrian hit on sidewalk or shoulder,On Sidewalk or Shoulder,Normal,Yes,Yes,,,,Yes,,Yes,,,,77,Waterfront Communities-The Island (77)
10900,2014,2014-02-16T05:00:00,1321,13,BAY ST,HARBOUR ST,,Major Arterial,Toronto and East York,10,52,43.642073,-79.377429,Intersection,At Intersection,Traffic Signal,Clear,Daylight,Dry,Non-Fatal Injury,Pedestrian Collisions,Passenger,70 to 74,Minor,,,,,,,,,,Yes,Yes,,,,Yes,,Yes,,,,77,Waterfront Communities-The Island (77)
7650,2011,2011-08-03T04:00:00,1322,13,DANFORTH AVE,BYRON AVE,,Major Arterial,Toronto and East York,14,54,43.680845,-79.33539,Intersection,,No Control,Clear,Daylight,Dry,Non-Fatal Injury,Pedestrian Collisions,Driver,25 to 29,None,,West,"Automobile, Station Wagon",Going Ahead,Driving Properly,Normal,,,,Yes,Yes,,,,,,,,,,66,Danforth (66)
7651,2011,2011-08-03T04:00:00,1322,13,DANFORTH AVE,BYRON AVE,,Major Arterial,Toronto and East York,14,54,43.680845,-79.33539,Intersection,,No Control,Clear,Daylight,Dry,Non-Fatal Injury,Pedestrian Collisions,Pedestrian,75 to 79,Major,,South,Other,,,,Vehicle hits the pedestrian walking or running out from between parked vehicles at mid-block,Coming From Behind Parked Vehicle,Inattentive,Yes,Yes,,,,,,,,,,66,Danforth (66)
11594,2015,2015-06-11T04:00:00,1322,13,YONGE ST,EMPRESS AVE,,Major Arterial,North York,18,32,43.769263,-79.412891,Intersection,At Intersection,Traffic Signal,Clear,Daylight,Dry,Fatal,Pedestrian Collisions,Driver,55 to 59,None,,East,"Automobile, Station Wagon",Going Ahead,Driving Properly,Normal,,,,Yes,Yes,,,,,,,,,,51,Willowdale East (51)
11595,2015,2015-06-11T04:00:00,1322,13,YONGE ST,EMPRESS AVE,,Major Arterial,North York,18,32,43.769263,-79.412891,Intersection,At Intersection,Traffic Signal,Clear,Daylight,Dry,Fatal,Pedestrian Collisions,Driver,60 to 64,Minor,,East,"Automobile, Station Wagon",Turning Left,Lost control,Unknown,,,,Yes,Yes,,,,,,,,,,51,Willowdale East (51)
11596,2015,2015-06-11T04:00:00,1322,13,YONGE ST,EMPRESS AVE,,Major Arterial,North York,18,32,43.769263,-79.412891,Intersection,At Intersection,Traffic Signal,Clear,Daylight,Dry,Fatal,Pedestrian Collisions,Pedestrian,65 to 69,Fatal,29,,,,,,Pedestrian hit on sidewalk or shoulder,On Sidewalk or Shoulder,Normal,Yes,Yes,,,,,,,,,,51,Willowdale East (51)
11597,2015,2015-06-11T04:00:00,1322,13,YONGE ST,EMPRESS AVE,,Major Arterial,North York,18,32,43.769263,-79.412891,Intersection,At Intersection,Traffic Signal,Clear,Daylight,Dry,Fatal,Pedestrian Collisions,Pedestrian,55 to 59,Major,,,,,,,Pedestrian hit on sidewalk or shoulder,On Sidewalk or Shoulder,Unknown,Yes,Yes,,,,,,,,,,51,Willowdale East (51)
11598,2015,2015-06-11T04:00:00,1322,13,YONGE ST,EMPRESS AVE,,Major Arterial,North York,18,32,43.769263,-79.412891,Intersection,At Intersection,Traffic Signal,Clear,Daylight,Dry,Fatal,Pedestrian Collisions,Pedestrian,65 to 69,Major,,,,,,,Pedestrian hit on sidewalk or shoulder,On Sidewalk or Shoulder,Unknown,Yes,Yes,,,,,,,,,,51,Willowdale East (51)
11600,2015,2015-06-11T04:00:00,1322,13,YONGE ST,EMPRESS AVE,,Major Arterial,North York,18,32,43.769263,-79.412891,Intersection,At Intersection,Traffic Signal,Clear,Daylight,Dry,Fatal,Pedestrian Collisions,Pedestrian,55 to 59,Minor,,,,,,,Pedestrian hit on sidewalk or shoulder,On Sidewalk or Shoulder,Unknown,Yes,Yes,,,,,,,,,,51,Willowdale East (51)
894,2006,2006-04-04T04:00:00,1325,13,WALMER RD,HEATH ST W,,Collector,Toronto and East York,12,13,43.686545,-79.41319,Intersection,At Intersection,Stop Sign,Clear,Daylight,Dry,Non-Fatal Injury,Pedestrian Collisions,Driver,60 to 64,None,,North,"Automobile, Station Wagon",Turning Right,Other,Normal,,,,Yes,Yes,,,,,,,,,,101,Forest Hill South (101)
895,2006,2006-04-04T04:00:00,1325,13,WALMER RD,HEATH ST W,,Collector,Toronto and East York,12,13,43.686545,-79.41319,Intersection,At Intersection,Stop Sign,Clear,Daylight,Dry,Non-Fatal Injury,Pedestrian Collisions,Pedestrian,15 to 19,Major,,,Other,,,,Vehicle turns right while ped crosses without ROW at inter.,Running onto Roadway,Normal,Yes,Yes,,,,,,,,,,101,Forest Hill South (101)
11290,2015,2015-08-24T04:00:00,1325,13,STEELES AVE W,TORRESDALE AVE,1 m East of,Major Arterial,North York,6,32,43.790801,-79.453021,Intersection,At Intersection,Traffic Signal,Clear,Daylight,Dry,Fatal,Pedestrian Collisions,Driver,15 to 19,None,,West,Pick Up Truck,Going Ahead,Driving Properly,Normal,,,,Yes,Yes,,,,,,,,,,35,Westminster-Branson (35)
11291,2015,2015-08-24T04:00:00,1325,13,STEELES AVE W,TORRESDALE AVE,1 m East of,Major Arterial,North York,6,32,43.790801,-79.453021,Intersection,At Intersection,Traffic Signal,Clear,Daylight,Dry,Fatal,Pedestrian Collisions,Pedestrian,85 to 89,Fatal,39,Unknown,,,,,Vehicle is going straight thru inter.while ped cross without ROW,Crossing without right of way,Medical or Physical Disability,Yes,Yes,,,,,,,,,,35,Westminster-Branson (35)
14344,2018,2018-05-22T04:00:00,1325,13,4800 LESLIE  ST,,60 m West of,Major Arterial,North York,17,33,43.779689,-79.365611,Mid-Block,Non Intersection,No Control,Clear,"Daylight, artificial",Dry,Non-Fatal Injury,Pedestrian Collisions,Pedestrian,50 to 54,Major,,East,,,,,Pedestrian hit at mid-block,"Crossing, no Traffic Control",Normal,Yes,Yes,,,,Yes,,,,,,47,Don Valley Village (47)
14345,2018,2018-05-22T04:00:00,1325,13,4800 LESLIE  ST,,60 m West of,Major Arterial,North York,17,33,43.779689,-79.365611,Mid-Block,Non Intersection,No Control,Clear,"Daylight, artificial",Dry,Non-Fatal Injury,Pedestrian Collisions,Passenger,65 to 69,None,,,,,,,,,,Yes,Yes,,,,Yes,,,,,,47,Don Valley Village (47)
14346,2018,2018-05-22T04:00:00,1325,13,4800 LESLIE  ST,,60 m West of,Major Arterial,North York,17,33,43.779689,-79.365611,Mid-Block,Non Intersection,No Control,Clear,"Daylight, artificial",Dry,Non-Fatal Injury,Pedestrian Collisions,Driver,70 to 74,None,,North,"Automobile, Station Wagon",Going Ahead,Driving Properly,Normal,,,,Yes,Yes,,,,Yes,,,,,,47,Don Valley Village (47)
15721,2019,2019-01-04T05:00:00,1325,13,BATHURST ST,BAINBRIDGE AVE,,Major Arterial,North York,6,32,43.750758,-79.437298,Intersection,At Intersection,Traffic Signal,Clear,Daylight,Dry,Non-Fatal Injury,Pedestrian Collisions,Driver,35 to 39,None,,West,"Automobile, Station Wagon",Turning Left,Failed to Yield Right of Way,Normal,,,,Yes,Yes,,,,,,Yes,,,,38,Lansing-Westgate (38)
15722,2019,2019-01-04T05:00:00,1325,13,BATHURST ST,BAINBRIDGE AVE,,Major Arterial,North York,6,32,43.750758,-79.437298,Intersection,At Intersection,Traffic Signal,Clear,Daylight,Dry,Non-Fatal Injury,Pedestrian Collisions,Pedestrian,30 to 34,Major,,,,,,,,,Normal,Yes,Yes,,,,,,Yes,,,,38,Lansing-Westgate (38)
9359,2013,2013-07-24T04:00:00,1326,13,SPADINA AVE,NASSAU ST,,Major Arterial,Toronto and East York,11,52,43.655841,-79.399219,Intersection,,Traffic Signal,Clear,Daylight,Dry,Non-Fatal Injury,Pedestrian Collisions,Driver,35 to 39,None,,South,Municipal Transit Bus (TTC),Going Ahead,Driving Properly,Normal,,,,Yes,,,Yes,,,,,,,,78,Kensington-Chinatown (78)