_id,YEAR,DATE,TIME,HOUR,STREET1,STREET2,OFFSET,ROAD_CLASS,District,WardNum,Division,LATITUDE,LONGITUDE,LOCCOORD,ACCLOC,TRAFFCTL,VISIBILITY,LIGHT,RDSFCOND,ACCLASS,IMPACTYPE,INVTYPE,INVAGE,INJURY,FATAL_NO,INITDIR,VEHTYPE,MANOEUVER,DRIVACT,DRIVCOND,PEDTYPE,PEDACT,PEDCOND,PEDESTRIAN,AUTOMOBILE,TRUCK,TRSN_CITY_VEH,EMERG_VEH,PASSENGER,SPEEDING,AG_DRIV,REDLIGHT,ALCOHOL,DISABILITY,Hood_ID,Neighbourhood
1494,2007,2007-01-10T05:00:00,1515,15,HUMBER COLLEGE BLVD,WESTMORE DR,,Minor Arterial,Etobicoke York,1,23,43.730945,-79.59939,Intersection,,No Control,Clear,Daylight,Dry,Non-Fatal Injury,Pedestrian Collisions,Driver,30 to 34,None,,East,"Automobile, Station Wagon",Going Ahead,Driving Properly,Normal,,,,Yes,Yes,,,,,,,,,,1,West Humber-Clairville (1)
1497,2007,2007-01-10T05:00:00,1515,15,HUMBER COLLEGE BLVD,WESTMORE DR,,Minor Arterial,Etobicoke York,1,23,43.730945,-79.59939,Intersection,,No Control,Clear,Daylight,Dry,Non-Fatal Injury,Pedestrian Collisions,Pedestrian,50 to 54,Major,,North,Other,,,,Vehicle is going straight thru inter.while ped cross without ROW,Running onto Roadway,Normal,Yes,Yes,,,,,,,,,,1,West Humber-Clairville (1)
7144,2012,2012-03-03T05:00:00,1515,15,ADELAIDE Stre W,UNIVERSITY Aven,,Major Arterial,Toronto and East York,10,52,43.648945,-79.38509,Mid-Block,,No Control,Clear,Daylight,Dry,Non-Fatal Injury,Pedestrian Collisions,Driver,40 to 44,Major,,East,"Automobile, Station Wagon",Going Ahead,Driving Properly,Normal,,,,Yes,Yes,,,,,,,,,,76,Bay Street Corridor (76)
7145,2012,2012-03-03T05:00:00,1515,15,ADELAIDE Stre W,UNIVERSITY Aven,,Major Arterial,Toronto and East York,10,52,43.648945,-79.38509,Mid-Block,,No Control,Clear,Daylight,Dry,Non-Fatal Injury,Pedestrian Collisions,Pedestrian,60 to 64,Minor,,North,Other,,,,Pedestrian hit at mid-block,"Crossing, no Traffic Control",Inattentive,Yes,Yes,,,,,,,,,,76,Bay Street Corridor (76)
7227,2011,2011-10-24T04:00:00,1515,15,QUEEN ST E,HASTINGS AVE,,Minor Arterial,Toronto and East York,14,55,43.663545,-79.32899,Intersection,,No Control,Clear,Daylight,Dry,Non-Fatal Injury,Pedestrian Collisions,Driver,unknown,None,,East,"Automobile, Station Wagon",Going Ahead,Other,Unknown,,,,Yes,Yes,,,,,,,,,,70,South Riverdale (70)
7229,2011,2011-10-24T04:00:00,1515,15,QUEEN ST E,HASTINGS AVE,,Minor Arterial,Toronto and East York,14,55,43.663545,-79.32899,Intersection,,No Control,Clear,Daylight,Dry,Non-Fatal Injury,Pedestrian Collisions,Pedestrian,55 to 59,Major,,Unknown,Other,,,,Pedestrian hit at mid-block,Other,Normal,Yes,Yes,,,,,,,,,,70,South Riverdale (70)
7522,2011,2011-09-30T04:00:00,1515,15,WELLINGTON ST W,BLUE JAYS WAY,,Collector,Toronto and East York,10,52,43.644745,-79.39179,Intersection,,Traffic Signal,Clear,Daylight,Dry,Non-Fatal Injury,Pedestrian Collisions,Driver,50 to 54,None,,West,"Automobile, Station Wagon",Turning Left,Failed to Yield Right of Way,Inattentive,,,,Yes,Yes,,,,,,Yes,,,,77,Waterfront Communities-The Island (77)
7523,2011,2011-09-30T04:00:00,1515,15,WELLINGTON ST W,BLUE JAYS WAY,,Collector,Toronto and East York,10,52,43.644745,-79.39179,Intersection,,Traffic Signal,Clear,Daylight,Dry,Non-Fatal Injury,Pedestrian Collisions,Pedestrian,50 to 54,Major,,West,Other,,,,Vehicle turns left while ped crosses with ROW at inter.,Crossing with right of way,Normal,Yes,Yes,,,,,,Yes,,,,77,Waterfront Communities-The Island (77)
10605,2013,2013-10-11T04:00:00,1515,15,1092 KEELE ST,,,Local,Etobicoke York,,12,43.67919,-79.47034,Mid-Block,,No Control,Clear,Daylight,Dry,Non-Fatal Injury,Pedestrian Collisions,Driver,30 to 34,None,,East,"Automobile, Station Wagon",Going Ahead,Driving Properly,Normal,,,,Yes,Yes,,,,,,,,,,91,Weston-Pellam Park (91)
10606,2013,2013-10-11T04:00:00,1515,15,1092 KEELE ST,,,Local,Etobicoke York,,12,43.67919,-79.47034,Mid-Block,,No Control,Clear,Daylight,Dry,Non-Fatal Injury,Pedestrian Collisions,Pedestrian,5 to 9,Major,,South,Other,,,,Pedestrian hit at private driveway,Running onto Roadway,Inattentive,Yes,Yes,,,,,,,,,,91,Weston-Pellam Park (91)
15523,2019,2019-11-16T05:00:00,1515,15,QUUEN ST W,BAY ST,36 m East of,Major Arterial,Toronto and East York,,52,43.651847,-79.381969,Mid-Block,Non Intersection,No Control,Clear,Daylight,Dry,Non-Fatal Injury,Pedestrian Collisions,Driver,unknown,None,,West,"Automobile, Station Wagon",Going Ahead,Failed to Yield Right of Way,Unknown,,,,Yes,Yes,,,,,,Yes,,,,76,Bay Street Corridor (76)
15524,2019,2019-11-16T05:00:00,1515,15,QUUEN ST W,BAY ST,36 m East of,Major Arterial,Toronto and East York,,52,43.651847,-79.381969,Mid-Block,Non Intersection,No Control,Clear,Daylight,Dry,Non-Fatal Injury,Pedestrian Collisions,Pedestrian,50 to 54,Major,,,,,,,,,Normal,Yes,Yes,,,,,,Yes,,,,76,Bay Street Corridor (76)
15809,2019,2019-08-20T04:00:00,1515,15,SHEPPARD AVE E,MARKHAM RD,,Major Arterial,Scarborough,23,42,43.793861,-79.23872,Intersection,Intersection Related,Traffic Signal,Clear,Daylight,Dry,Non-Fatal Injury,Pedestrian Collisions,Driver,25 to 29,None,,East,"Automobile, Station Wagon",Turning Left,Failed to Yield Right of Way,Inattentive,,,,Yes,Yes,,,,,,Yes,,,,132,Malvern (132)
15810,2019,2019-08-20T04:00:00,1515,15,SHEPPARD AVE E,MARKHAM RD,,Major Arterial,Scarborough,23,42,43.793861,-79.23872,Intersection,Intersection Related,Traffic Signal,Clear,Daylight,Dry,Non-Fatal Injury,Pedestrian Collisions,Pedestrian,70 to 74,Major,,,,,,,,,Normal,Yes,Yes,,,,,,Yes,,,,132,Malvern (132)
9663,2013,2013-06-16T04:00:00,1516,15,KENNEDY RD,CARDWELL AVE,,Major Arterial,Scarborough,22,42,43.785746,-79.289493,Intersection,At Intersection,Traffic Signal,Clear,Daylight,Dry,Non-Fatal Injury,Pedestrian Collisions,Driver,30 to 34,None,,North,"Automobile, Station Wagon",Going Ahead,Driving Properly,Normal,,,,Yes,Yes,,,,,,,,,,128,Agincourt South-Malvern West (128)
9664,2013,2013-06-16T04:00:00,1516,15,KENNEDY RD,CARDWELL AVE,,Major Arterial,Scarborough,22,42,43.785746,-79.289493,Intersection,At Intersection,Traffic Signal,Clear,Daylight,Dry,Non-Fatal Injury,Pedestrian Collisions,Pedestrian,55 to 59,Major,,East,Other,,,,Vehicle is going straight thru inter.while ped cross without ROW,Crossing without right of way,Normal,Yes,Yes,,,,,,,,,,128,Agincourt South-Malvern West (128)
1653,2006,2006-12-07T05:00:00,1517,15,WHITEWOOD RD,DAVISVILLE AVE,,Collector,North York,15,53,43.702745,-79.37529,Intersection,,No Control,Clear,Daylight,Dry,Non-Fatal Injury,Pedestrian Collisions,Driver,90 to 94,None,,West,"Automobile, Station Wagon",Turning Right,Failed to Yield Right of Way,Normal,,,,Yes,Yes,,,,,,Yes,,,,99,Mount Pleasant East (99)
1654,2006,2006-12-07T05:00:00,1517,15,WHITEWOOD RD,DAVISVILLE AVE,,Collector,North York,15,53,43.702745,-79.37529,Intersection,,No Control,Clear,Daylight,Dry,Non-Fatal Injury,Pedestrian Collisions,Pedestrian,85 to 89,Major,,East,Other,,,,Vehicle turns right while ped crosses with ROW at inter.,Crossing with right of way,Normal,Yes,Yes,,,,,,Yes,,,,99,Mount Pleasant East (99)
3547,2008,2008-06-03T04:00:00,1517,15,HILDA AVE,CROSSEN DR,,Collector,North York,18,32,43.793245,-79.42739,Mid-Block,,No Control,Clear,Daylight,Dry,Non-Fatal Injury,Pedestrian Collisions,Driver,40 to 44,None,,South,"Automobile, Station Wagon",Going Ahead,Driving Properly,Normal,,,,Yes,Yes,,,,,,,,,,36,Newtonbrook West (36)
3548,2008,2008-06-03T04:00:00,1517,15,HILDA AVE,CROSSEN DR,,Collector,North York,18,32,43.793245,-79.42739,Mid-Block,,No Control,Clear,Daylight,Dry,Non-Fatal Injury,Pedestrian Collisions,Pedestrian,15 to 19,Major,,West,Other,,,,Pedestrian hit at mid-block,Running onto Roadway,Inattentive,Yes,Yes,,,,,,,,,,36,Newtonbrook West (36)
10420,2014,2014-01-14T05:00:00,1518,15,3 BELL ROYAL CRT,,,Local,Etobicoke York,2,22,43.672438,-79.521617,Mid-Block,At/Near Private Drive,No Control,Clear,Daylight,Ice,Non-Fatal Injury,Pedestrian Collisions,Truck Driver,35 to 39,None,,East,Truck - Open,Going Ahead,Other,Normal,,,,Yes,,Yes,,,,,,,,,9,Edenbridge-Humber Valley (9)
10421,2014,2014-01-14T05:00:00,1518,15,3 BELL ROYAL CRT,,,Local,Etobicoke York,2,22,43.672438,-79.521617,Mid-Block,At/Near Private Drive,No Control,Clear,Daylight,Ice,Non-Fatal Injury,Pedestrian Collisions,Pedestrian,20 to 24,Major,,East,,,,,Pedestrian hit at mid-block,Walking on Roadway with Traffic,Normal,Yes,,Yes,,,,,,,,,9,Edenbridge-Humber Valley (9)
1016,2007,2007-02-06T05:00:00,1520,15,VICTORIA PARK AVE,MORECAMBE GT,,Major Arterial,North York,,42,43.798045,-79.33359,Intersection,,Traffic Signal,Clear,Daylight,Dry,Non-Fatal Injury,Pedestrian Collisions,Vehicle Owner,unknown,None,,,Other,,,,,,,Yes,Yes,,,,,,Yes,,,,117,L'Amoreaux (117)
1017,2007,2007-02-06T05:00:00,1520,15,VICTORIA PARK AVE,MORECAMBE GT,,Major Arterial,North York,,42,43.798045,-79.33359,Intersection,,Traffic Signal,Clear,Daylight,Dry,Non-Fatal Injury,Pedestrian Collisions,Driver,35 to 39,None,,West,"Automobile, Station Wagon",Turning Left,Failed to Yield Right of Way,Normal,,,,Yes,Yes,,,,,,Yes,,,,117,L'Amoreaux (117)
1018,2007,2007-02-06T05:00:00,1520,15,VICTORIA PARK AVE,MORECAMBE GT,,Major Arterial,North York,,42,43.798045,-79.33359,Intersection,,Traffic Signal,Clear,Daylight,Dry,Non-Fatal Injury,Pedestrian Collisions,Pedestrian,65 to 69,Major,,West,Other,,,,Vehicle turns left while ped crosses with ROW at inter.,Crossing with right of way,Normal,Yes,Yes,,,,,,Yes,,,,117,L'Amoreaux (117)
3739,2008,2008-10-21T04:00:00,1520,15,GRENVIEW BLVD S,MEADOWVALE DR,,Local,Etobicoke York,3,22,43.646445,-79.50729,Intersection,,No Control,Clear,Daylight,Dry,Non-Fatal Injury,Pedestrian Collisions,Vehicle Owner,unknown,,,,Other,,,,,,,Yes,,Yes,,,,,Yes,,,,16,Stonegate-Queensway (16)
3740,2008,2008-10-21T04:00:00,1520,15,GRENVIEW BLVD S,MEADOWVALE DR,,Local,Etobicoke York,3,22,43.646445,-79.50729,Intersection,,No Control,Clear,Daylight,Dry,Non-Fatal Injury,Pedestrian Collisions,Truck Driver,35 to 39,None,,South,Truck - Open,Going Ahead,Failed to Yield Right of Way,Normal,,,,Yes,,Yes,,,,,Yes,,,,16,Stonegate-Queensway (16)
3744,2008,2008-10-21T04:00:00,1520,15,GRENVIEW BLVD S,MEADOWVALE DR,,Local,Etobicoke York,3,22,43.646445,-79.50729,Intersection,,No Control,Clear,Daylight,Dry,Non-Fatal Injury,Pedestrian Collisions,Pedestrian,60 to 64,Major,,South,Other,,,,Pedestrian hit on sidewalk or shoulder,On Sidewalk or Shoulder,Normal,Yes,,Yes,,,,,Yes,,,,16,Stonegate-Queensway (16)
5447,2009,2009-09-17T04:00:00,1520,15,MARKHAM Road,TUXEDO Cour,,Major Arterial,Scarborough,24,43,43.779545,-79.23299,Intersection,,Traffic Signal,Clear,Daylight,Dry,Non-Fatal Injury,Pedestrian Collisions,Driver,35 to 39,None,,South,"Automobile, Station Wagon",Going Ahead,Driving Properly,Normal,,,,Yes,Yes,,,,,,,,,,137,Woburn (137)
5523,2009,2009-09-17T04:00:00,1520,15,MARKHAM Road,TUXEDO Cour,,Major Arterial,Scarborough,24,43,43.779545,-79.23299,Intersection,,Traffic Signal,Clear,Daylight,Dry,Non-Fatal Injury,Pedestrian Collisions,Pedestrian,75 to 79,Major,,West,Other,,,,Vehicle is going straight thru inter.while ped cross without ROW,Crossing without right of way,Normal,Yes,Yes,,,,,,,,,,137,Woburn (137)
6394,2011,2011-03-24T04:00:00,1520,15,WESTON RD,BELLEVUE Cres,,Minor Arterial,Etobicoke York,5,12,43.699845,-79.51539,Intersection,At Intersection,No Control,Clear,Daylight,Dry,Non-Fatal Injury,Pedestrian Collisions,Driver,40 to 44,Major,,South,"Automobile, Station Wagon",Pulling Onto Shoulder or towardCurb,Lost control,Medical or Physical Disability,,,,Yes,Yes,,,,,,,,,Yes,113,Weston (113)
6395,2011,2011-03-24T04:00:00,1520,15,WESTON RD,BELLEVUE Cres,,Minor Arterial,Etobicoke York,5,12,43.699845,-79.51539,Intersection,At Intersection,No Control,Clear,Daylight,Dry,Non-Fatal Injury,Pedestrian Collisions,Other Property Owner,unknown,,,,Other,,,,,,,Yes,Yes,,,,,,,,,Yes,113,Weston (113)
6396,2011,2011-03-24T04:00:00,1520,15,WESTON RD,BELLEVUE Cres,,Minor Arterial,Etobicoke York,5,12,43.699845,-79.51539,Intersection,At Intersection,No Control,Clear,Daylight,Dry,Non-Fatal Injury,Pedestrian Collisions,Pedestrian,30 to 34,Major,,North,Other,,,,Pedestrian hit on sidewalk or shoulder,On Sidewalk or Shoulder,Normal,Yes,Yes,,,,,,,,,Yes,113,Weston (113)
14690,2018,2018-08-24T04:00:00,1520,15,4331 KINGSTON RD,,5 m South of,Major Arterial,Scarborough,24,43,43.764628,-79.192264,Mid-Block,Non Intersection,No Control,Clear,Daylight,Dry,Non-Fatal Injury,Pedestrian Collisions,Driver,55 to 59,None,,West,"Automobile, Station Wagon",Going Ahead,Driving Properly,Normal,,,,Yes,Yes,,,,,,,,,,136,West Hill (136)
14691,2018,2018-08-24T04:00:00,1520,15,4331 KINGSTON RD,,5 m South of,Major Arterial,Scarborough,24,43,43.764628,-79.192264,Mid-Block,Non Intersection,No Control,Clear,Daylight,Dry,Non-Fatal Injury,Pedestrian Collisions,Pedestrian,20 to 24,Major,,South,,,,,Pedestrian hit at mid-block,Running onto Roadway,Other,Yes,Yes,,,,,,,,,,136,West Hill (136)
14962,2018,2018-01-15T05:00:00,1520,15,23 IANHALL RD,,,Local,North York,6,31,43.727904,-79.488223,Mid-Block,Non Intersection,No Control,Snow,Daylight,Loose Snow,Fatal,Pedestrian Collisions,,unknown,None,,East,"Automobile, Station Wagon",Going Ahead,,,,,,Yes,Yes,,,,,,,,,,26,Downsview-Roding-CFB (26)
14963,2018,2018-01-15T05:00:00,1520,15,23 IANHALL RD,,,Local,North York,6,31,43.727904,-79.488223,Mid-Block,Non Intersection,No Control,Snow,Daylight,Loose Snow,Fatal,Pedestrian Collisions,Pedestrian,40 to 44,Minimal,,Unknown,,,,,Pedestrian hit at mid-block,Person Getting on/off Vehicle,Normal,Yes,Yes,,,,,,,,,,26,Downsview-Roding-CFB (26)
14964,2018,2018-01-15T05:00:00,1520,15,23 IANHALL RD,,,Local,North York,6,31,43.727904,-79.488223,Mid-Block,Non Intersection,No Control,Snow,Daylight,Loose Snow,Fatal,Pedestrian Collisions,Pedestrian,5 to 9,Fatal,7,Unknown,,,,,Pedestrian hit at mid-block,Person Getting on/off Vehicle,Normal,Yes,Yes,,,,,,,,,,26,Downsview-Roding-CFB (26)
1027,2007,2007-02-07T05:00:00,1521,15,114 LA ROSE AVE,,,Collector,Etobicoke York,2,23,43.685645,-79.52069,Mid-Block,,No Control,Clear,Daylight,Dry,Non-Fatal Injury,Pedestrian Collisions,Pedestrian,85 to 89,Major,,East,Other,,,,Vehicle is reversing and hits pedestrian,"Crossing, no Traffic Control",Normal,Yes,Yes,,,,,,,,,,8,Humber Heights-Westmount (8)
1028,2007,2007-02-07T05:00:00,1521,15,114 LA ROSE AVE,,,Collector,Etobicoke York,2,23,43.685645,-79.52069,Mid-Block,,No Control,Clear,Daylight,Dry,Non-Fatal Injury,Pedestrian Collisions,Driver,75 to 79,None,,North,"Automobile, Station Wagon",Reversing,Other,Normal,,,,Yes,Yes,,,,,,,,,,8,Humber Heights-Westmount (8)
9000,2012,2012-06-19T04:00:00,1521,15,JANE ST,LAWRENCE AVE W,,Major Arterial,Etobicoke York,5,12,43.702845,-79.50379,Intersection,At Intersection,Traffic Signal,Clear,Daylight,Dry,Non-Fatal Injury,Pedestrian Collisions,Driver,55 to 59,None,,West,"Automobile, Station Wagon",Turning Left,Failed to Yield Right of Way,Inattentive,,,,Yes,Yes,,,,,,Yes,,,,30,Brookhaven-Amesbury (30)
9001,2012,2012-06-19T04:00:00,1521,15,JANE ST,LAWRENCE AVE W,,Major Arterial,Etobicoke York,5,12,43.702845,-79.50379,Intersection,At Intersection,Traffic Signal,Clear,Daylight,Dry,Non-Fatal Injury,Pedestrian Collisions,Pedestrian,50 to 54,Major,,East,Other,,,,Vehicle turns left while ped crosses with ROW at inter.,Crossing with right of way,Normal,Yes,Yes,,,,,,Yes,,,,30,Brookhaven-Amesbury (30)
10340,2013,2013-11-24T05:00:00,1521,15,100 STEELES AVE W,,,Major Arterial,North York,18,32,43.796965,-79.424747,Intersection,,Traffic Signal,Clear,"Dark, artificial",Dry,Fatal,Pedestrian Collisions,Driver,30 to 34,None,,South,Delivery Van,Turning Right,Improper Passing,Inattentive,,,,Yes,Yes,,,,,,Yes,,,,36,Newtonbrook West (36)
10342,2013,2013-11-24T05:00:00,1521,15,100 STEELES AVE W,,,Major Arterial,North York,18,32,43.796965,-79.424747,Intersection,,Traffic Signal,Clear,"Dark, artificial",Dry,Fatal,Pedestrian Collisions,Pedestrian,40 to 44,Fatal,56,South,,,,,Vehicle turns right while ped crosses with ROW at inter.,Crossing with right of way,Normal,Yes,Yes,,,,,,Yes,,,,36,Newtonbrook West (36)
15010,2019,2019-08-22T04:00:00,1521,15,BAY ST,COLLEGE ST,,Major Arterial,Toronto and East York,,52,43.660815,-79.385822,Intersection,At Intersection,Traffic Signal,Clear,Daylight,Dry,Non-Fatal Injury,Pedestrian Collisions,Pedestrian,65 to 69,Major,,,,,,,,Other,Other,Yes,Yes,,,,Yes,,Yes,Yes,,,76,Bay Street Corridor (76)
15012,2019,2019-08-22T04:00:00,1521,15,BAY ST,COLLEGE ST,,Major Arterial,Toronto and East York,,52,43.660815,-79.385822,Intersection,At Intersection,Traffic Signal,Clear,Daylight,Dry,Non-Fatal Injury,Pedestrian Collisions,Pedestrian,50 to 54,Major,,,,,,,,Other,Other,Yes,Yes,,,,Yes,,Yes,Yes,,,76,Bay Street Corridor (76)
15791,2019,2019-08-22T04:00:00,1521,15,BAY ST,COLLEGE ST,,Major Arterial,Toronto and East York,,52,43.660815,-79.385822,Intersection,At Intersection,Traffic Signal,Clear,Daylight,Dry,Non-Fatal Injury,Pedestrian Collisions,Pedestrian,40 to 44,Minor,,,,,,,,Other,Other,Yes,Yes,,,,Yes,,Yes,Yes,,,76,Bay Street Corridor (76)
15818,2019,2019-08-22T04:00:00,1521,15,BAY ST,COLLEGE ST,,Major Arterial,Toronto and East York,,52,43.660815,-79.385822,Intersection,At Intersection,Traffic Signal,Clear,Daylight,Dry,Non-Fatal Injury,Pedestrian Collisions,Driver,50 to 54,None,,North,"Automobile, Station Wagon",Going Ahead,Disobeyed Traffic Control,Inattentive,,,,Yes,Yes,,,,Yes,,Yes,Yes,,,76,Bay Street Corridor (76)
15819,2019,2019-08-22T04:00:00,1521,15,BAY ST,COLLEGE ST,,Major Arterial,Toronto and East York,,52,43.660815,-79.385822,Intersection,At Intersection,Traffic Signal,Clear,Daylight,Dry,Non-Fatal Injury,Pedestrian Collisions,Driver,20 to 24,Major,,West,"Automobile, Station Wagon",Going Ahead,Driving Properly,Normal,,,,Yes,Yes,,,,Yes,,Yes,Yes,,,76,Bay Street Corridor (76)
15820,2019,2019-08-22T04:00:00,1521,15,BAY ST,COLLEGE ST,,Major Arterial,Toronto and East York,,52,43.660815,-79.385822,Intersection,At Intersection,Traffic Signal,Clear,Daylight,Dry,Non-Fatal Injury,Pedestrian Collisions,Driver,20 to 24,None,,West,Pick Up Truck,Going Ahead,Driving Properly,Normal,,,,Yes,Yes,,,,Yes,,Yes,Yes,,,76,Bay Street Corridor (76)
15821,2019,2019-08-22T04:00:00,1521,15,BAY ST,COLLEGE ST,,Major Arterial,Toronto and East York,,52,43.660815,-79.385822,Intersection,At Intersection,Traffic Signal,Clear,Daylight,Dry,Non-Fatal Injury,Pedestrian Collisions,Passenger,20 to 24,None,,,,,,,,,,Yes,Yes,,,,Yes,,Yes,Yes,,,76,Bay Street Corridor (76)
15822,2019,2019-08-22T04:00:00,1521,15,BAY ST,COLLEGE ST,,Major Arterial,Toronto and East York,,52,43.660815,-79.385822,Intersection,At Intersection,Traffic Signal,Clear,Daylight,Dry,Non-Fatal Injury,Pedestrian Collisions,Pedestrian,0 to 4,Minimal,,,,,,,,Other,Other,Yes,Yes,,,,Yes,,Yes,Yes,,,76,Bay Street Corridor (76)
8207,2012,2012-10-25T04:00:00,1522,15,ST CLAIR AVE W,HENDRICK AVE,,Major Arterial,Toronto and East York,12,13,43.680545,-79.431087,Intersection,,No Control,Clear,Daylight,Dry,Non-Fatal Injury,Pedestrian Collisions,Driver,40 to 44,None,,West,Municipal Transit Bus (TTC),Going Ahead,Driving Properly,Normal,,,,Yes,,,Yes,,,,,,,,94,Wychwood (94)
8208,2012,2012-10-25T04:00:00,1522,15,ST CLAIR AVE W,HENDRICK AVE,,Major Arterial,Toronto and East York,12,13,43.680545,-79.431087,Intersection,,No Control,Clear,Daylight,Dry,Non-Fatal Injury,Pedestrian Collisions,Pedestrian,30 to 34,Major,,South,Other,,,,Pedestrian involved in a collision with transit vehicle anywhere along roadway,"Crossing, no Traffic Control",Unknown,Yes,,,Yes,,,,,,,,94,Wychwood (94)
8780,2012,2012-08-09T04:00:00,1523,15,285 RALEIGH AVE,,,Collector,Scarborough,20,41,43.709445,-79.26099,Mid-Block,,No Control,Rain,Daylight,Wet,Non-Fatal Injury,Pedestrian Collisions,Pedestrian,50 to 54,Major,,Unknown,Other,,,,Vehicle is reversing and hits pedestrian,Other,Normal,Yes,Yes,,,,,,,,,,120,Clairlea-Birchmount (120)
8781,2012,2012-08-09T04:00:00,1523,15,285 RALEIGH AVE,,,Collector,Scarborough,20,41,43.709445,-79.26099,Mid-Block,,No Control,Rain,Daylight,Wet,Non-Fatal Injury,Pedestrian Collisions,Vehicle Owner,unknown,,,,Other,,,,,,,Yes,Yes,,,,,,,,,,120,Clairlea-Birchmount (120)
8783,2012,2012-08-09T04:00:00,1523,15,285 RALEIGH AVE,,,Collector,Scarborough,20,41,43.709445,-79.26099,Mid-Block,,No Control,Rain,Daylight,Wet,Non-Fatal Injury,Pedestrian Collisions,Driver,45 to 49,None,,East,"Automobile, Station Wagon",Stopped,Other,Normal,,,,Yes,Yes,,,,,,,,,,120,Clairlea-Birchmount (120)
8784,2012,2012-08-09T04:00:00,1523,15,285 RALEIGH AVE,,,Collector,Scarborough,20,41,43.709445,-79.26099,Mid-Block,,No Control,Rain,Daylight,Wet,Non-Fatal Injury,Pedestrian Collisions,Vehicle Owner,unknown,,,,Other,,,,,,,Yes,Yes,,,,,,,,,,120,Clairlea-Birchmount (120)
8785,2012,2012-08-09T04:00:00,1523,15,285 RALEIGH AVE,,,Collector,Scarborough,20,41,43.709445,-79.26099,Mid-Block,,No Control,Rain,Daylight,Wet,Non-Fatal Injury,Pedestrian Collisions,Driver,25 to 29,None,,South,"Automobile, Station Wagon",Reversing,Other,Normal,,,,Yes,Yes,,,,,,,,,,120,Clairlea-Birchmount (120)
15302,2019,2019-06-03T04:00:00,1524,15,MIDLAND AVE,LOCKIE AVE,5 m  of,Major Arterial,Scarborough,,42,43.788863,-79.280002,Intersection,Intersection Related,Traffic Signal,Clear,Daylight,Dry,Non-Fatal Injury,Pedestrian Collisions,Passenger,5 to 9,None,,,,,,,,,,Yes,Yes,,,,Yes,,,,,,128,Agincourt South-Malvern West (128)
15314,2019,2019-06-03T04:00:00,1524,15,MIDLAND AVE,LOCKIE AVE,5 m  of,Major Arterial,Scarborough,,42,43.788863,-79.280002,Intersection,Intersection Related,Traffic Signal,Clear,Daylight,Dry,Non-Fatal Injury,Pedestrian Collisions,Driver,60 to 64,None,,South,"Automobile, Station Wagon",Going Ahead,Driving Properly,Normal,,,,Yes,Yes,,,,Yes,,,,,,128,Agincourt South-Malvern West (128)
15315,2019,2019-06-03T04:00:00,1524,15,MIDLAND AVE,LOCKIE AVE,5 m  of,Major Arterial,Scarborough,,42,43.788863,-79.280002,Intersection,Intersection Related,Traffic Signal,Clear,Daylight,Dry,Non-Fatal Injury,Pedestrian Collisions,Pedestrian,10 to 14,Major,,,,,,,,,Normal,Yes,Yes,,,,Yes,,,,,,128,Agincourt South-Malvern West (128)
15316,2019,2019-06-03T04:00:00,1524,15,MIDLAND AVE,LOCKIE AVE,5 m  of,Major Arterial,Scarborough,,42,43.788863,-79.280002,Intersection,Intersection Related,Traffic Signal,Clear,Daylight,Dry,Non-Fatal Injury,Pedestrian Collisions,Pedestrian,10 to 14,Major,,,,,,,,,Normal,Yes,Yes,,,,Yes,,,,,,128,Agincourt South-Malvern West (128)
4907,2009,2009-05-22T04:00:00,1525,15,KING Stre E,ASHBY Plac,,Major Arterial,Toronto and East York,13,51,43.655945,-79.35769,Intersection,,No Control,Clear,Daylight,Dry,Non-Fatal Injury,Pedestrian Collisions,Pedestrian,45 to 49,Major,,,Other,Other,,,Vehicle is going straight thru inter.while ped cross without ROW,Walking on Roadway Against Traffic,Had Been Drinking,Yes,Yes,,,,,,,,,,73,Moss Park (73)
4908,2009,2009-05-22T04:00:00,1525,15,KING Stre E,ASHBY Plac,,Major Arterial,Toronto and East York,13,51,43.655945,-79.35769,Intersection,,No Control,Clear,Daylight,Dry,Non-Fatal Injury,Pedestrian Collisions,Vehicle Owner,unknown,,,,Other,,,,,,,Yes,Yes,,,,,,,,,,73,Moss Park (73)
4909,2009,2009-05-22T04:00:00,1525,15,KING Stre E,ASHBY Plac,,Major Arterial,Toronto and East York,13,51,43.655945,-79.35769,Intersection,,No Control,Clear,Daylight,Dry,Non-Fatal Injury,Pedestrian Collisions,Driver,40 to 44,None,,West,"Automobile, Station Wagon",Going Ahead,Driving Properly,Normal,,,,Yes,Yes,,,,,,,,,,73,Moss Park (73)
5152,2009,2009-12-22T05:00:00,1525,15,DUNDAS ST W,ROYALAVON CRES,,Major Arterial,Etobicoke York,3,22,43.645245,-79.53199,Intersection,At Intersection,Traffic Signal,Clear,Daylight,Dry,Non-Fatal Injury,Pedestrian Collisions,Vehicle Owner,unknown,,,,Other,,,,,,,Yes,Yes,,,,,,Yes,Yes,,,14,Islington-City Centre West (14)
5157,2009,2009-12-22T05:00:00,1525,15,DUNDAS ST W,ROYALAVON CRES,,Major Arterial,Etobicoke York,3,22,43.645245,-79.53199,Intersection,At Intersection,Traffic Signal,Clear,Daylight,Dry,Non-Fatal Injury,Pedestrian Collisions,Driver,15 to 19,None,,West,"Automobile, Station Wagon",Going Ahead,Disobeyed Traffic Control,Inattentive,,,,Yes,Yes,,,,,,Yes,Yes,,,14,Islington-City Centre West (14)