_id,YEAR,DATE,TIME,HOUR,STREET1,STREET2,OFFSET,ROAD_CLASS,District,WardNum,Division,LATITUDE,LONGITUDE,LOCCOORD,ACCLOC,TRAFFCTL,VISIBILITY,LIGHT,RDSFCOND,ACCLASS,IMPACTYPE,INVTYPE,INVAGE,INJURY,FATAL_NO,INITDIR,VEHTYPE,MANOEUVER,DRIVACT,DRIVCOND,PEDTYPE,PEDACT,PEDCOND,PEDESTRIAN,AUTOMOBILE,TRUCK,TRSN_CITY_VEH,EMERG_VEH,PASSENGER,SPEEDING,AG_DRIV,REDLIGHT,ALCOHOL,DISABILITY,Hood_ID,Neighbourhood
12229,2015,2015-12-21T05:00:00,1720,17,1145 DANFORTH AVE,,,Major Arterial,Toronto and East York,14,54,43.681204,-79.333614,Mid-Block,Non Intersection,No Control,Rain,"Dark, artificial",Wet,Non-Fatal Injury,Pedestrian Collisions,Driver,60 to 64,None,,East,"Automobile, Station Wagon",Going Ahead,Driving Properly,Normal,,,,Yes,Yes,,,,,,,,,,69,Blake-Jones (69)
12249,2015,2015-12-21T05:00:00,1720,17,1145 DANFORTH AVE,,,Major Arterial,Toronto and East York,14,54,43.681204,-79.333614,Mid-Block,Non Intersection,No Control,Rain,"Dark, artificial",Wet,Non-Fatal Injury,Pedestrian Collisions,Pedestrian,25 to 29,Major,,South,,,,,Pedestrian hit at mid-block,"Crossing, no Traffic Control","Ability Impaired, Alcohol Over .80",Yes,Yes,,,,,,,,,,69,Blake-Jones (69)
16032,2019,2019-12-06T05:00:00,1720,17,3680 KEELE ST,,56 m South of St REGIS CR,Major Arterial,North York,,31,43.753894,-79.488605,Mid-Block,Non Intersection,No Control,Clear,Dark,Wet,Fatal,Pedestrian Collisions,Pedestrian,75 to 79,Fatal,64,East,,Going Ahead,,,Pedestrian hit at mid-block,"Crossing, no Traffic Control",Inattentive,Yes,Yes,,,,,,,,,,27,York University Heights (27)
16033,2019,2019-12-06T05:00:00,1720,17,3680 KEELE ST,,56 m South of St REGIS CR,Major Arterial,North York,,31,43.753894,-79.488605,Mid-Block,Non Intersection,No Control,Clear,Dark,Wet,Fatal,Pedestrian Collisions,Driver,25 to 29,None,,South,"Automobile, Station Wagon",Going Ahead,Driving Properly,Normal,,,,Yes,Yes,,,,,,,,,,27,York University Heights (27)
12420,2016,2016-09-20T04:00:00,1721,17,JANE ST,COLBECK ST,,Major Arterial,Toronto and East York,4,11,43.652877,-79.485935,Intersection,At Intersection,Pedestrian Crossover,Clear,Daylight,Dry,Non-Fatal Injury,Pedestrian Collisions,Driver,35 to 39,None,,South,"Automobile, Station Wagon",Going Ahead,Failed to Yield Right of Way,Normal,,,,Yes,Yes,,,,,,Yes,,,,89,Runnymede-Bloor West Village (89)
12421,2016,2016-09-20T04:00:00,1721,17,JANE ST,COLBECK ST,,Major Arterial,Toronto and East York,4,11,43.652877,-79.485935,Intersection,At Intersection,Pedestrian Crossover,Clear,Daylight,Dry,Non-Fatal Injury,Pedestrian Collisions,Pedestrian,35 to 39,Major,,East,,Going Ahead,,,Pedestrian hit a PXO/ped. Mid-block signal,"Crossing, Pedestrian Crossover",Normal,Yes,Yes,,,,,,Yes,,,,89,Runnymede-Bloor West Village (89)
3010,2008,2008-04-28T04:00:00,1722,17,REXDALE Boul,QUEENS PLATE Driv,,Major Arterial,Etobicoke York,1,23,43.719145,-79.60349,Intersection,At Intersection,No Control,Clear,Daylight,Dry,Fatal,Pedestrian Collisions,Driver,60 to 64,Minimal,,East,"Automobile, Station Wagon",Going Ahead,Lost control,Medical or Physical Disability,,,,Yes,Yes,,,,,,,,,Yes,1,West Humber-Clairville (1)
3116,2008,2008-04-28T04:00:00,1722,17,REXDALE Boul,QUEENS PLATE Driv,,Major Arterial,Etobicoke York,1,23,43.719145,-79.60349,Intersection,At Intersection,No Control,Clear,Daylight,Dry,Fatal,Pedestrian Collisions,Pedestrian,85 to 89,Fatal,15,,Other,Other,,,Pedestrian hit on sidewalk or shoulder,On Sidewalk or Shoulder,Normal,Yes,Yes,,,,,,,,,Yes,1,West Humber-Clairville (1)
4009,2008,2008-04-28T04:00:00,1722,17,REXDALE Boul,QUEENS PLATE Driv,,Major Arterial,Etobicoke York,1,23,43.719145,-79.60349,Intersection,At Intersection,No Control,Clear,Daylight,Dry,Fatal,Pedestrian Collisions,Vehicle Owner,unknown,,,,Other,,,,,,,Yes,Yes,,,,,,,,,Yes,1,West Humber-Clairville (1)
5827,2010,2010-06-16T04:00:00,1722,17,ELM RIDGE DR,NEWGATE RD,,Collector,North York,8,13,43.703145,-79.43699,Intersection,,No Control,Clear,Daylight,Dry,Non-Fatal Injury,Pedestrian Collisions,Vehicle Owner,unknown,,,,Other,,,,,,,Yes,Yes,,,,,,,,,,102,Forest Hill North (102)
5828,2010,2010-06-16T04:00:00,1722,17,ELM RIDGE DR,NEWGATE RD,,Collector,North York,8,13,43.703145,-79.43699,Intersection,,No Control,Clear,Daylight,Dry,Non-Fatal Injury,Pedestrian Collisions,Driver,60 to 64,None,,East,"Automobile, Station Wagon",Going Ahead,Driving Properly,Normal,,,,Yes,Yes,,,,,,,,,,102,Forest Hill North (102)
5829,2010,2010-06-16T04:00:00,1722,17,ELM RIDGE DR,NEWGATE RD,,Collector,North York,8,13,43.703145,-79.43699,Intersection,,No Control,Clear,Daylight,Dry,Non-Fatal Injury,Pedestrian Collisions,Pedestrian,35 to 39,Major,,South,Other,,,,Vehicle is going straight thru inter.while ped cross without ROW,Running onto Roadway,Inattentive,Yes,Yes,,,,,,,,,,102,Forest Hill North (102)
279,2006,2006-02-27T05:00:00,1723,17,QUEEN ST E,BOULTON AVE,,Minor Arterial,Toronto and East York,14,55,43.659545,-79.34669,Intersection,At Intersection,Pedestrian Crossover,Clear,Daylight,Dry,Non-Fatal Injury,Pedestrian Collisions,Driver,30 to 34,None,,West,"Automobile, Station Wagon",Going Ahead,Failed to Yield Right of Way,Inattentive,,,,Yes,Yes,,,,,,Yes,,,,70,South Riverdale (70)
281,2006,2006-02-27T05:00:00,1723,17,QUEEN ST E,BOULTON AVE,,Minor Arterial,Toronto and East York,14,55,43.659545,-79.34669,Intersection,At Intersection,Pedestrian Crossover,Clear,Daylight,Dry,Non-Fatal Injury,Pedestrian Collisions,Pedestrian,60 to 64,Major,,South,Other,,,,Pedestrian hit a PXO/ped. Mid-block signal,"Crossing, Pedestrian Crossover",Normal,Yes,Yes,,,,,,Yes,,,,70,South Riverdale (70)
6958,2010,2010-07-07T04:00:00,1723,17,471 ASHDALE AVE,,,Local,Toronto and East York,14,55,43.676645,-79.32369,Mid-Block,,No Control,Clear,Daylight,Dry,Non-Fatal Injury,Pedestrian Collisions,Driver,55 to 59,None,,East,"Automobile, Station Wagon",Reversing,Other,Other,,,,Yes,Yes,,,,,,,,,,65,Greenwood-Coxwell (65)
6959,2010,2010-07-07T04:00:00,1723,17,471 ASHDALE AVE,,,Local,Toronto and East York,14,55,43.676645,-79.32369,Mid-Block,,No Control,Clear,Daylight,Dry,Non-Fatal Injury,Pedestrian Collisions,Pedestrian,55 to 59,Major,,Unknown,Other,,,,Vehicle is reversing and hits pedestrian,Other,Unknown,Yes,Yes,,,,,,,,,,65,Greenwood-Coxwell (65)
9910,2012,2012-11-28T05:00:00,1723,17,DONCASTER AVE,MAIN ST,,Minor Arterial,Toronto and East York,19,54,43.691645,-79.30339,Intersection,At Intersection,No Control,Clear,Dark,Dry,Non-Fatal Injury,Pedestrian Collisions,Driver,unknown,None,,East,"Automobile, Station Wagon",Going Ahead,Failed to Yield Right of Way,Normal,,,,Yes,Yes,,,,,,Yes,,,,61,Taylor-Massey (61)
9911,2012,2012-11-28T05:00:00,1723,17,DONCASTER AVE,MAIN ST,,Minor Arterial,Toronto and East York,19,54,43.691645,-79.30339,Intersection,At Intersection,No Control,Clear,Dark,Dry,Non-Fatal Injury,Pedestrian Collisions,Pedestrian,10 to 14,Major,,North,Other,,,,Pedestrian hit at mid-block,"Crossing, no Traffic Control",Normal,Yes,Yes,,,,,,Yes,,,,61,Taylor-Massey (61)
1720,2007,2007-03-09T05:00:00,1724,17,O CONNOR DR,PAPE AVE,,Major Arterial,Toronto and East York,14,54,43.693245,-79.35029,Intersection,At Intersection,Traffic Signal,Clear,Dusk,Dry,Fatal,Pedestrian Collisions,Vehicle Owner,unknown,,,,"Automobile, Station Wagon",,,,,,,Yes,Yes,,,,,,Yes,,,,58,Old East York (58)
1721,2007,2007-03-09T05:00:00,1724,17,O CONNOR DR,PAPE AVE,,Major Arterial,Toronto and East York,14,54,43.693245,-79.35029,Intersection,At Intersection,Traffic Signal,Clear,Dusk,Dry,Fatal,Pedestrian Collisions,Driver,50 to 54,None,,East,"Automobile, Station Wagon",Turning Left,Failed to Yield Right of Way,Normal,,,,Yes,Yes,,,,,,Yes,,,,58,Old East York (58)
1725,2007,2007-03-09T05:00:00,1724,17,O CONNOR DR,PAPE AVE,,Major Arterial,Toronto and East York,14,54,43.693245,-79.35029,Intersection,At Intersection,Traffic Signal,Clear,Dusk,Dry,Fatal,Pedestrian Collisions,Pedestrian,70 to 74,Fatal,,West,Other,,,,Pedestrian involved in a collision with transit vehicle anywhere along roadway,Crossing with right of way,Normal,Yes,Yes,,,,,,Yes,,,,58,Old East York (58)
5616,2009,2009-12-14T05:00:00,1724,17,KENNETH Aven,FINCH Aven E,,Major Arterial,North York,18,32,43.780445,-79.41229,Intersection,At Intersection,Traffic Signal,Rain,Daylight,Wet,Non-Fatal Injury,Pedestrian Collisions,Driver,30 to 34,None,,North,"Automobile, Station Wagon",Turning Right,Failed to Yield Right of Way,Normal,,,,Yes,Yes,,,,,,Yes,,,,51,Willowdale East (51)
5617,2009,2009-12-14T05:00:00,1724,17,KENNETH Aven,FINCH Aven E,,Major Arterial,North York,18,32,43.780445,-79.41229,Intersection,At Intersection,Traffic Signal,Rain,Daylight,Wet,Non-Fatal Injury,Pedestrian Collisions,Pedestrian,50 to 54,Major,,East,Other,,,,Vehicle turns right while ped crosses with ROW at inter.,Crossing with right of way,Normal,Yes,Yes,,,,,,Yes,,,,51,Willowdale East (51)
11618,2015,2015-06-16T04:00:00,1724,17,MARTIN GROVE RD,ROYALCREST RD,11 m South of,Minor Arterial,Etobicoke York,1,23,43.752291,-79.599284,Intersection,Intersection Related,No Control,Clear,Daylight,Dry,Non-Fatal Injury,Pedestrian Collisions,Driver,20 to 24,None,,South,"Automobile, Station Wagon",Slowing or Stopping,Driving Properly,Normal,,,,Yes,Yes,,,,Yes,,,,,,2,Mount Olive-Silverstone-Jamestown (2)
11619,2015,2015-06-16T04:00:00,1724,17,MARTIN GROVE RD,ROYALCREST RD,11 m South of,Minor Arterial,Etobicoke York,1,23,43.752291,-79.599284,Intersection,Intersection Related,No Control,Clear,Daylight,Dry,Non-Fatal Injury,Pedestrian Collisions,Passenger,20 to 24,None,,,,,,,,,,Yes,Yes,,,,Yes,,,,,,2,Mount Olive-Silverstone-Jamestown (2)
11620,2015,2015-06-16T04:00:00,1724,17,MARTIN GROVE RD,ROYALCREST RD,11 m South of,Minor Arterial,Etobicoke York,1,23,43.752291,-79.599284,Intersection,Intersection Related,No Control,Clear,Daylight,Dry,Non-Fatal Injury,Pedestrian Collisions,Pedestrian,30 to 34,Major,,Unknown,,,,,Pedestrian hit at mid-block,"Crossing, no Traffic Control",Inattentive,Yes,Yes,,,,Yes,,,,,,2,Mount Olive-Silverstone-Jamestown (2)
4167,2009,2009-02-13T05:00:00,1725,17,YONGE ST,HARLANDALE AVE W,,Major Arterial,North York,18,32,43.762345,-79.41119,Intersection,,No Control,Clear,Daylight,Dry,Non-Fatal Injury,Pedestrian Collisions,Driver,30 to 34,None,,North,"Automobile, Station Wagon",Going Ahead,Driving Properly,Normal,,,,Yes,Yes,,,,,,,,,,51,Willowdale East (51)
4260,2009,2009-02-13T05:00:00,1725,17,YONGE ST,HARLANDALE AVE W,,Major Arterial,North York,18,32,43.762345,-79.41119,Intersection,,No Control,Clear,Daylight,Dry,Non-Fatal Injury,Pedestrian Collisions,Pedestrian,25 to 29,Major,,East,Other,,,,Vehicle is going straight thru inter.while ped cross without ROW,Running onto Roadway,Normal,Yes,Yes,,,,,,,,,,51,Willowdale East (51)
5531,2009,2009-11-27T05:00:00,1725,17,SHEPPARD AVE E,ROUGE RIVER DR,,Major Arterial,Scarborough,25,42,43.804945,-79.18659,Intersection,,No Control,Rain,Dark,Wet,Non-Fatal Injury,Pedestrian Collisions,Driver,50 to 54,None,,West,"Automobile, Station Wagon",Going Ahead,Driving Properly,Normal,,,,Yes,Yes,,,,,,,,,,131,Rouge (131)
5534,2009,2009-11-27T05:00:00,1725,17,SHEPPARD AVE E,ROUGE RIVER DR,,Major Arterial,Scarborough,25,42,43.804945,-79.18659,Intersection,,No Control,Rain,Dark,Wet,Non-Fatal Injury,Pedestrian Collisions,Pedestrian,45 to 49,Major,,North,Other,,,,Vehicle is going straight thru inter.while ped cross without ROW,"Crossing, no Traffic Control",Normal,Yes,Yes,,,,,,,,,,131,Rouge (131)
6915,2010,2010-12-13T05:00:00,1725,17,LAKE SHORE BLVD W,HILLSIDE AVE,,Major Arterial,Etobicoke York,3,22,43.611145,-79.48999,Intersection,At Intersection,Traffic Signal,Clear,Dark,Dry,Non-Fatal Injury,Pedestrian Collisions,Driver,65 to 69,Major,,West,"Automobile, Station Wagon",Going Ahead,Driving Properly,Unknown,,,,Yes,Yes,,,,,,,,,,17,Mimico (includes Humber Bay Shores) (17)
6917,2010,2010-12-13T05:00:00,1725,17,LAKE SHORE BLVD W,HILLSIDE AVE,,Major Arterial,Etobicoke York,3,22,43.611145,-79.48999,Intersection,At Intersection,Traffic Signal,Clear,Dark,Dry,Non-Fatal Injury,Pedestrian Collisions,Pedestrian,80 to 84,Minor,,North,Other,,,,Vehicle is going straight thru inter.while ped cross without ROW,Crossing without right of way,Had Been Drinking,Yes,Yes,,,,,,,,,,17,Mimico (includes Humber Bay Shores) (17)
6965,2010,2010-07-08T04:00:00,1725,17,EGLINTON AVE E,BIMBROK RD,,Major Arterial,Scarborough,,41,43.735945,-79.251392,Mid-Block,At Intersection,No Control,Clear,Daylight,Dry,Non-Fatal Injury,Pedestrian Collisions,Vehicle Owner,unknown,,,,Other,,,,,,,Yes,,,Yes,,,,,,,,124,Kennedy Park (124)
6966,2010,2010-07-08T04:00:00,1725,17,EGLINTON AVE E,BIMBROK RD,,Major Arterial,Scarborough,,41,43.735945,-79.251392,Mid-Block,At Intersection,No Control,Clear,Daylight,Dry,Non-Fatal Injury,Pedestrian Collisions,Driver,55 to 59,None,,West,Municipal Transit Bus (TTC),Going Ahead,Driving Properly,Normal,,,,Yes,,,Yes,,,,,,,,124,Kennedy Park (124)
6967,2010,2010-07-08T04:00:00,1725,17,EGLINTON AVE E,BIMBROK RD,,Major Arterial,Scarborough,,41,43.735945,-79.251392,Mid-Block,At Intersection,No Control,Clear,Daylight,Dry,Non-Fatal Injury,Pedestrian Collisions,Pedestrian,55 to 59,Major,,North,Other,Unknown,,,Pedestrian involved in a collision with transit vehicle anywhere along roadway,Crossing without right of way,Had Been Drinking,Yes,,,Yes,,,,,,,,124,Kennedy Park (124)
7057,2012,2012-02-10T05:00:00,1725,17,YONGE ST,THE ESPLANADE Stre E,,Major Arterial,Toronto and East York,,51,43.646445,-79.37679,Mid-Block,,No Control,Drifting Snow,"Dusk, artificial",Dry,Non-Fatal Injury,Pedestrian Collisions,Truck Driver,65 to 69,None,,North,Truck - Open,Going Ahead,Driving Properly,Normal,,,,Yes,,Yes,,,,,,,,,77,Waterfront Communities-The Island (77)
7058,2012,2012-02-10T05:00:00,1725,17,YONGE ST,THE ESPLANADE Stre E,,Major Arterial,Toronto and East York,,51,43.646445,-79.37679,Mid-Block,,No Control,Drifting Snow,"Dusk, artificial",Dry,Non-Fatal Injury,Pedestrian Collisions,Pedestrian,45 to 49,Major,,West,Other,,,,Pedestrian hit at mid-block,"Crossing, no Traffic Control",Unknown,Yes,,Yes,,,,,,,,,77,Waterfront Communities-The Island (77)
9287,2013,2013-06-25T04:00:00,1725,17,QUEEN ST W,MC CAUL ST,,Major Arterial,Toronto and East York,10,52,43.650145,-79.38979,Intersection,,No Control,Clear,Daylight,Dry,Non-Fatal Injury,Pedestrian Collisions,Cyclist,30 to 34,None,,East,Bicycle,Going Ahead,,,,,,Yes,,,,,,,,,,,77,Waterfront Communities-The Island (77)
9358,2013,2013-06-25T04:00:00,1725,17,QUEEN ST W,MC CAUL ST,,Major Arterial,Toronto and East York,10,52,43.650145,-79.38979,Intersection,,No Control,Clear,Daylight,Dry,Non-Fatal Injury,Pedestrian Collisions,Pedestrian,25 to 29,Major,,South,Other,,,,Vehicle is going straight thru inter.while ped cross without ROW,"Crossing, no Traffic Control",Unknown,Yes,,,,,,,,,,,77,Waterfront Communities-The Island (77)
10522,2014,2014-04-06T04:00:00,1725,17,YONGE ST,PLEASANT BLVD,,Major Arterial,Toronto and East York,12,53,43.687121,-79.393695,Intersection,At Intersection,No Control,Clear,Daylight,Dry,Non-Fatal Injury,Pedestrian Collisions,Driver,75 to 79,None,,South,"Automobile, Station Wagon",Turning Left,Failed to Yield Right of Way,Normal,,,,Yes,Yes,,,,,Yes,Yes,,,,98,Rosedale-Moore Park (98)
10523,2014,2014-04-06T04:00:00,1725,17,YONGE ST,PLEASANT BLVD,,Major Arterial,Toronto and East York,12,53,43.687121,-79.393695,Intersection,At Intersection,No Control,Clear,Daylight,Dry,Non-Fatal Injury,Pedestrian Collisions,Motorcycle Driver,25 to 29,Major,,North,Motorcycle,Changing Lanes,Driving Properly,Normal,,,,Yes,Yes,,,,,Yes,Yes,,,,98,Rosedale-Moore Park (98)
10524,2014,2014-04-06T04:00:00,1725,17,YONGE ST,PLEASANT BLVD,,Major Arterial,Toronto and East York,12,53,43.687121,-79.393695,Intersection,At Intersection,No Control,Clear,Daylight,Dry,Non-Fatal Injury,Pedestrian Collisions,Pedestrian,65 to 69,Major,,Unknown,,,,,Pedestrian hit on sidewalk or shoulder,On Sidewalk or Shoulder,Normal,Yes,Yes,,,,,Yes,Yes,,,,98,Rosedale-Moore Park (98)
14709,2018,2018-08-29T04:00:00,1725,17,ISLINGTON AV,AYLESBURY RD,,Major Arterial,Etobicoke York,2,22,43.666388,-79.532939,Intersection,At Intersection,Stop Sign,Clear,Daylight,Dry,Non-Fatal Injury,Pedestrian Collisions,Motorcycle Driver,unknown,None,,South,Motorcycle,Going Ahead,Driving Properly,Unknown,,,,Yes,,,,,,,,,,,9,Edenbridge-Humber Valley (9)
14710,2018,2018-08-29T04:00:00,1725,17,ISLINGTON AV,AYLESBURY RD,,Major Arterial,Etobicoke York,2,22,43.666388,-79.532939,Intersection,At Intersection,Stop Sign,Clear,Daylight,Dry,Non-Fatal Injury,Pedestrian Collisions,Pedestrian,80 to 84,Major,,Unknown,,,,,Vehicle is going straight thru inter.while ped cross without ROW,"Crossing, no Traffic Control",Normal,Yes,,,,,,,,,,,9,Edenbridge-Humber Valley (9)
16046,2019,2019-12-11T05:00:00,1725,17,VICTORIA PARK AVE,EGLINTON AVE E,10 m North of,Major Arterial,North York,,41,43.724715,-79.302608,Intersection,At Intersection,Traffic Signal,Clear,"Dark, artificial",Dry,Non-Fatal Injury,Pedestrian Collisions,Driver,55 to 59,None,,North,"Automobile, Station Wagon",Turning Left,Failed to Yield Right of Way,Inattentive,,,,Yes,Yes,,,,,,Yes,,,,119,Wexford/Maryvale (119)
16047,2019,2019-12-11T05:00:00,1725,17,VICTORIA PARK AVE,EGLINTON AVE E,10 m North of,Major Arterial,North York,,41,43.724715,-79.302608,Intersection,At Intersection,Traffic Signal,Clear,"Dark, artificial",Dry,Non-Fatal Injury,Pedestrian Collisions,Pedestrian,40 to 44,Major,,,,,,,,,Normal,Yes,Yes,,,,,,Yes,,,,119,Wexford/Maryvale (119)
9388,2013,2013-04-17T04:00:00,1726,17,GLENMOUNT PARK Rd,BURGESS Ave,,Local,Toronto and East York,19,55,43.679245,-79.30459,Intersection,At Intersection,Stop Sign,Clear,Daylight,Dry,Non-Fatal Injury,Pedestrian Collisions,Driver,50 to 54,None,,North,"Automobile, Station Wagon",Turning Left,Driving Properly,Normal,,,,Yes,Yes,,,,,,,,,,62,East End-Danforth (62)
9389,2013,2013-04-17T04:00:00,1726,17,GLENMOUNT PARK Rd,BURGESS Ave,,Local,Toronto and East York,19,55,43.679245,-79.30459,Intersection,At Intersection,Stop Sign,Clear,Daylight,Dry,Non-Fatal Injury,Pedestrian Collisions,Pedestrian,10 to 14,Major,,South,Other,Going Ahead,,,Vehicle turns left while ped crosses without ROW at inter.,Playing or Working on Highway,Inattentive,Yes,Yes,,,,,,,,,,62,East End-Danforth (62)
12542,2015,2015-12-14T05:00:00,1726,17,KING ST W,FRASER AVE,2 m West of,Major Arterial,Toronto and East York,10,14,43.639392,-79.4248,Intersection,At Intersection,Streetcar (Stop for),Rain,"Dark, artificial",Wet,Non-Fatal Injury,Pedestrian Collisions,Driver,unknown,None,,East,"Automobile, Station Wagon",Going Ahead,Failed to Yield Right of Way,Unknown,,,,Yes,Yes,,,,,,Yes,,,,85,South Parkdale (85)
12543,2015,2015-12-14T05:00:00,1726,17,KING ST W,FRASER AVE,2 m West of,Major Arterial,Toronto and East York,10,14,43.639392,-79.4248,Intersection,At Intersection,Streetcar (Stop for),Rain,"Dark, artificial",Wet,Non-Fatal Injury,Pedestrian Collisions,Pedestrian,25 to 29,Major,,North,,,,,Vehicle is going straight thru inter.while ped cross with ROW,Person Getting on/off Vehicle,Normal,Yes,Yes,,,,,,Yes,,,,85,South Parkdale (85)
11170,2014,2014-10-24T04:00:00,1727,17,220 WOOLNER AVE,,65 m East of,Collector,Etobicoke York,5,12,43.671721,-79.492557,Mid-Block,At/Near Private Drive,No Control,Clear,Dusk,Dry,Non-Fatal Injury,Pedestrian Collisions,Driver,65 to 69,None,,West,"Automobile, Station Wagon",Going Ahead,Driving Properly,Inattentive,,,,Yes,Yes,,,,,,,,,,111,Rockcliffe-Smythe (111)
11171,2014,2014-10-24T04:00:00,1727,17,220 WOOLNER AVE,,65 m East of,Collector,Etobicoke York,5,12,43.671721,-79.492557,Mid-Block,At/Near Private Drive,No Control,Clear,Dusk,Dry,Non-Fatal Injury,Pedestrian Collisions,Pedestrian,80 to 84,Major,,Unknown,,,,,Pedestrian hit at mid-block,"Crossing, no Traffic Control",Inattentive,Yes,Yes,,,,,,,,,,111,Rockcliffe-Smythe (111)
12727,2016,2016-04-22T04:00:00,1727,17,VICTORIA PARK AVE,PATRICK BLVD,,Major Arterial,North York,,42,43.777732,-79.324161,Intersection,Intersection Related,Traffic Signal,Clear,Daylight,Dry,Fatal,Pedestrian Collisions,Pedestrian,55 to 59,Fatal,26,East,,,,,Vehicle is going straight thru inter.while ped cross without ROW,Crossing without right of way,Inattentive,Yes,Yes,,,,,,,,,,117,L'Amoreaux (117)
12728,2016,2016-04-22T04:00:00,1727,17,VICTORIA PARK AVE,PATRICK BLVD,,Major Arterial,North York,,42,43.777732,-79.324161,Intersection,Intersection Related,Traffic Signal,Clear,Daylight,Dry,Fatal,Pedestrian Collisions,Driver,55 to 59,None,,North,Pick Up Truck,Going Ahead,Driving Properly,Normal,,,,Yes,Yes,,,,,,,,,,117,L'Amoreaux (117)
13745,2017,2017-02-19T05:00:00,1727,17,1000 GERRARD ST E,,98 m West of,Minor Arterial,Toronto and East York,14,55,43.668463,-79.338725,Mid-Block,Non Intersection,No Control,Clear,Daylight,Dry,Non-Fatal Injury,Pedestrian Collisions,Driver,20 to 24,None,,West,"Automobile, Station Wagon",Going Ahead,Driving Properly,Normal,,,,Yes,Yes,,,,,,,,,,70,South Riverdale (70)
13746,2017,2017-02-19T05:00:00,1727,17,1000 GERRARD ST E,,98 m West of,Minor Arterial,Toronto and East York,14,55,43.668463,-79.338725,Mid-Block,Non Intersection,No Control,Clear,Daylight,Dry,Non-Fatal Injury,Pedestrian Collisions,Pedestrian,55 to 59,Major,,South,,,,,Pedestrian hit at mid-block,Crossing without right of way,Normal,Yes,Yes,,,,,,,,,,70,South Riverdale (70)
14950,2018,2018-01-11T05:00:00,1727,17,YONGE ST,EGLINTON AVE E,,Major Arterial,North York,,53,43.70666,-79.398326,Intersection,At Intersection,Traffic Signal,Rain,"Dark, artificial",Wet,Non-Fatal Injury,Pedestrian Collisions,Pedestrian,60 to 64,Major,,North,,,,,Vehicle is going straight thru inter.while ped cross without ROW,Crossing without right of way,Inattentive,Yes,,,Yes,,,,,,,,104,Mount Pleasant West (104)
14951,2018,2018-01-11T05:00:00,1727,17,YONGE ST,EGLINTON AVE E,,Major Arterial,North York,,53,43.70666,-79.398326,Intersection,At Intersection,Traffic Signal,Rain,"Dark, artificial",Wet,Non-Fatal Injury,Pedestrian Collisions,Driver,45 to 49,None,,West,Municipal Transit Bus (TTC),Going Ahead,Driving Properly,Normal,,,,Yes,,,Yes,,,,,,,,104,Mount Pleasant West (104)
1932,2006,2006-10-03T04:00:00,1728,17,STEELES AVE W,KEELE ST,,Major Arterial,North York,6,31,43.781645,-79.49399,Mid-Block,,No Control,Clear,Daylight,Dry,Non-Fatal Injury,Pedestrian Collisions,Driver,60 to 64,None,,West,"Automobile, Station Wagon",Going Ahead,Driving Properly,Normal,,,,Yes,Yes,,,,,,,,,,27,York University Heights (27)
1933,2006,2006-10-03T04:00:00,1728,17,STEELES AVE W,KEELE ST,,Major Arterial,North York,6,31,43.781645,-79.49399,Mid-Block,,No Control,Clear,Daylight,Dry,Non-Fatal Injury,Pedestrian Collisions,Pedestrian,30 to 34,Major,,South,Other,,,,Pedestrian hit at mid-block,Crossing without right of way,Inattentive,Yes,Yes,,,,,,,,,,27,York University Heights (27)
8324,2012,2012-10-09T04:00:00,1728,17,STEELES AVE W,HIGHWAY 27 S,,Major Arterial,Etobicoke York,1,23,43.755445,-79.61419,Intersection,At Intersection,Traffic Signal,Clear,Dusk,Dry,Non-Fatal Injury,Pedestrian Collisions,Vehicle Owner,unknown,,,,Other,,,,,,,Yes,,Yes,,,,,Yes,,,,1,West Humber-Clairville (1)
8325,2012,2012-10-09T04:00:00,1728,17,STEELES AVE W,HIGHWAY 27 S,,Major Arterial,Etobicoke York,1,23,43.755445,-79.61419,Intersection,At Intersection,Traffic Signal,Clear,Dusk,Dry,Non-Fatal Injury,Pedestrian Collisions,Truck Driver,55 to 59,None,,East,Truck - Open,Turning Right,Failed to Yield Right of Way,Normal,,,,Yes,,Yes,,,,,Yes,,,,1,West Humber-Clairville (1)
8326,2012,2012-10-09T04:00:00,1728,17,STEELES AVE W,HIGHWAY 27 S,,Major Arterial,Etobicoke York,1,23,43.755445,-79.61419,Intersection,At Intersection,Traffic Signal,Clear,Dusk,Dry,Non-Fatal Injury,Pedestrian Collisions,Trailer Owner,unknown,,,,Other,,,,,,,Yes,,Yes,,,,,Yes,,,,1,West Humber-Clairville (1)
8327,2012,2012-10-09T04:00:00,1728,17,STEELES AVE W,HIGHWAY 27 S,,Major Arterial,Etobicoke York,1,23,43.755445,-79.61419,Intersection,At Intersection,Traffic Signal,Clear,Dusk,Dry,Non-Fatal Injury,Pedestrian Collisions,Pedestrian,40 to 44,Major,,East,Other,,,,Vehicle turns right while ped crosses with ROW at inter.,Crossing with right of way,Normal,Yes,,Yes,,,,,Yes,,,,1,West Humber-Clairville (1)