_id,YEAR,DATE,TIME,HOUR,STREET1,STREET2,OFFSET,ROAD_CLASS,District,WardNum,Division,LATITUDE,LONGITUDE,LOCCOORD,ACCLOC,TRAFFCTL,VISIBILITY,LIGHT,RDSFCOND,ACCLASS,IMPACTYPE,INVTYPE,INVAGE,INJURY,FATAL_NO,INITDIR,VEHTYPE,MANOEUVER,DRIVACT,DRIVCOND,PEDTYPE,PEDACT,PEDCOND,PEDESTRIAN,AUTOMOBILE,TRUCK,TRSN_CITY_VEH,EMERG_VEH,PASSENGER,SPEEDING,AG_DRIV,REDLIGHT,ALCOHOL,DISABILITY,Hood_ID,Neighbourhood
36,2006,2006-01-09T05:00:00,1820,18,FINCH AVE E,MIDDLEFIELD RD,,Major Arterial,Scarborough,23,42,43.809817,-79.257663,Intersection,At Intersection,Traffic Signal,Clear,"Dark, artificial",Dry,Non-Fatal Injury,Pedestrian Collisions,Vehicle Owner,unknown,,,,,,,,,,,Yes,,,Yes,,,,,,,,129,Agincourt North (129)
37,2006,2006-01-09T05:00:00,1820,18,FINCH AVE E,MIDDLEFIELD RD,,Major Arterial,Scarborough,23,42,43.809817,-79.257663,Intersection,At Intersection,Traffic Signal,Clear,"Dark, artificial",Dry,Non-Fatal Injury,Pedestrian Collisions,Driver,55 to 59,None,,East,Municipal Transit Bus (TTC),Turning Right,Driving Properly,Normal,,,,Yes,,,Yes,,,,,,,,129,Agincourt North (129)
38,2006,2006-01-09T05:00:00,1820,18,FINCH AVE E,MIDDLEFIELD RD,,Major Arterial,Scarborough,23,42,43.809817,-79.257663,Intersection,At Intersection,Traffic Signal,Clear,"Dark, artificial",Dry,Non-Fatal Injury,Pedestrian Collisions,Pedestrian,50 to 54,Major,,East,,,,,Pedestrian involved in a collision with transit vehicle anywhere along roadway,Crossing without right of way,Inattentive,Yes,,,Yes,,,,,,,,129,Agincourt North (129)
2402,2007,2007-12-20T05:00:00,1820,18,DUFFERIN ST,BRIAR HILL AVE,,Major Arterial,North York,8,13,43.702345,-79.45209,Intersection,At Intersection,Traffic Signal,Clear,Dark,Dry,Non-Fatal Injury,Pedestrian Collisions,Driver,40 to 44,None,,East,"Automobile, Station Wagon",Turning Left,Driving Properly,Normal,,,,Yes,Yes,,,,,,,,,,108,Briar Hill-Belgravia (108)
2403,2007,2007-12-20T05:00:00,1820,18,DUFFERIN ST,BRIAR HILL AVE,,Major Arterial,North York,8,13,43.702345,-79.45209,Intersection,At Intersection,Traffic Signal,Clear,Dark,Dry,Non-Fatal Injury,Pedestrian Collisions,Pedestrian,50 to 54,Major,,West,Other,,,,Vehicle turns left while ped crosses without ROW at inter.,Crossing without right of way,Inattentive,Yes,Yes,,,,,,,,,,108,Briar Hill-Belgravia (108)
6103,2010,2010-08-07T04:00:00,1820,18,BLOOR ST E,CASTLE FRANK RD,,Major Arterial,Toronto and East York,11,51,43.674045,-79.36779,Mid-Block,,No Control,Clear,Daylight,Dry,Non-Fatal Injury,Pedestrian Collisions,Pedestrian,20 to 24,Major,,Unknown,Other,,,,Other / Undefined,Other,"Ability Impaired, Alcohol",Yes,,,,,,,,,,,71,Cabbagetown-South St.James Town (71)
6104,2010,2010-08-07T04:00:00,1820,18,BLOOR ST E,CASTLE FRANK RD,,Major Arterial,Toronto and East York,11,51,43.674045,-79.36779,Mid-Block,,No Control,Clear,Daylight,Dry,Non-Fatal Injury,Pedestrian Collisions,Cyclist,55 to 59,None,,East,Bicycle,Going Ahead,,,,,,Yes,,,,,,,,,,,71,Cabbagetown-South St.James Town (71)
6349,2010,2010-11-16T05:00:00,1820,18,PARKSIDE DR,HOWARD PARK AVE,,Major Arterial,Toronto and East York,4,11,43.648645,-79.45779,Intersection,At Intersection,Traffic Signal,Rain,Dark,Wet,Non-Fatal Injury,Pedestrian Collisions,Driver,35 to 39,None,,South,"Automobile, Station Wagon",Turning Left,Failed to Yield Right of Way,Normal,,,,Yes,Yes,,,,,,Yes,,,,87,High Park-Swansea (87)
6357,2010,2010-11-16T05:00:00,1820,18,PARKSIDE DR,HOWARD PARK AVE,,Major Arterial,Toronto and East York,4,11,43.648645,-79.45779,Intersection,At Intersection,Traffic Signal,Rain,Dark,Wet,Non-Fatal Injury,Pedestrian Collisions,Pedestrian,25 to 29,Major,,South,Other,,,,Vehicle turns left while ped crosses with ROW at inter.,Crossing with right of way,Normal,Yes,Yes,,,,,,Yes,,,,87,High Park-Swansea (87)
6456,2010,2010-11-16T05:00:00,1820,18,PARKSIDE DR,HOWARD PARK AVE,,Major Arterial,Toronto and East York,4,11,43.648645,-79.45779,Intersection,At Intersection,Traffic Signal,Rain,Dark,Wet,Non-Fatal Injury,Pedestrian Collisions,Pedestrian,60 to 64,Major,,South,Other,,,,Vehicle turns left while ped crosses with ROW at inter.,Crossing with right of way,Normal,Yes,Yes,,,,,,Yes,,,,87,High Park-Swansea (87)
6825,2010,2010-11-12T05:00:00,1820,18,322 THE WESTWAY,,,Minor Arterial,Etobicoke York,2,23,43.685345,-79.55769,Mid-Block,,No Control,Clear,Dark,Dry,Non-Fatal Injury,Pedestrian Collisions,Vehicle Owner,unknown,,,,Other,,,,,,,Yes,Yes,,,,,,,,,,7,Willowridge-Martingrove-Richview (7)
6832,2010,2010-11-12T05:00:00,1820,18,322 THE WESTWAY,,,Minor Arterial,Etobicoke York,2,23,43.685345,-79.55769,Mid-Block,,No Control,Clear,Dark,Dry,Non-Fatal Injury,Pedestrian Collisions,Driver,40 to 44,None,,West,"Automobile, Station Wagon",Going Ahead,Driving Properly,Normal,,,,Yes,Yes,,,,,,,,,,7,Willowridge-Martingrove-Richview (7)
6833,2010,2010-11-12T05:00:00,1820,18,322 THE WESTWAY,,,Minor Arterial,Etobicoke York,2,23,43.685345,-79.55769,Mid-Block,,No Control,Clear,Dark,Dry,Non-Fatal Injury,Pedestrian Collisions,Pedestrian,45 to 49,Major,,South,Other,,,,Pedestrian hit at mid-block,"Crossing, no Traffic Control",Had Been Drinking,Yes,Yes,,,,,,,,,,7,Willowridge-Martingrove-Richview (7)
7822,2012,2012-02-03T05:00:00,1820,18,WYNFORD DR,CONCORDE PL,,Minor Arterial,North York,16,33,43.727345,-79.32779,Intersection,At Intersection,Traffic Signal,Clear,"Dark, artificial",Dry,Non-Fatal Injury,Pedestrian Collisions,Driver,75 to 79,None,,South,"Automobile, Station Wagon",Turning Right,Failed to Yield Right of Way,Unknown,,,,Yes,Yes,,,,,,Yes,,,,42,Banbury-Don Mills (42)
7823,2012,2012-02-03T05:00:00,1820,18,WYNFORD DR,CONCORDE PL,,Minor Arterial,North York,16,33,43.727345,-79.32779,Intersection,At Intersection,Traffic Signal,Clear,"Dark, artificial",Dry,Non-Fatal Injury,Pedestrian Collisions,Pedestrian,35 to 39,Major,,Unknown,Other,,,,Vehicle turns right while ped crosses with ROW at inter.,Crossing with right of way,Normal,Yes,Yes,,,,,,Yes,,,,42,Banbury-Don Mills (42)
10013,2013,2013-11-19T05:00:00,1820,18,VICTORIA PARK AVE,SUNRISE AVE,,Major Arterial,North York,,41,43.719775,-79.300586,Intersection,,Traffic Signal,Clear,"Dark, artificial",Dry,Non-Fatal Injury,Pedestrian Collisions,Pedestrian,25 to 29,Major,,East,,,,,Vehicle turns left while ped crosses with ROW at inter.,Crossing with right of way,Normal,Yes,,,,,,,Yes,,,,120,Clairlea-Birchmount (120)
11005,2013,2013-11-19T05:00:00,1820,18,VICTORIA PARK AVE,SUNRISE AVE,,Major Arterial,North York,,41,43.719775,-79.300586,Intersection,,Traffic Signal,Clear,"Dark, artificial",Dry,Non-Fatal Injury,Pedestrian Collisions,Driver,60 to 64,None,,East,,Turning Left,Failed to Yield Right of Way,Inattentive,,,,Yes,,,,,,,Yes,,,,120,Clairlea-Birchmount (120)
14282,2018,2018-07-11T04:00:00,1820,18,WILSON AVE,AVENUE RD,,Major Arterial,North York,8,32,43.739863,-79.421611,Intersection,At Intersection,Traffic Signal,Clear,Daylight,Dry,Non-Fatal Injury,Pedestrian Collisions,Motorcycle Driver,55 to 59,None,,North,Motorcycle,Going Ahead,Driving Properly,Normal,,,,Yes,,,,,,,,,,,39,Bedford Park-Nortown (39)
14290,2018,2018-07-11T04:00:00,1820,18,WILSON AVE,AVENUE RD,,Major Arterial,North York,8,32,43.739863,-79.421611,Intersection,At Intersection,Traffic Signal,Clear,Daylight,Dry,Non-Fatal Injury,Pedestrian Collisions,Pedestrian,55 to 59,Major,,,,,,,Vehicle is going straight thru inter.while ped cross without ROW,Crossing without right of way,Inattentive,Yes,,,,,,,,,,,39,Bedford Park-Nortown (39)
1639,2006,2006-12-05T05:00:00,1821,18,VICTORIA PARK Ave,MCNICOLL Ave,,Major Arterial,North York,,42,43.804745,-79.33659,Mid-Block,,No Control,Clear,Dark,Dry,Non-Fatal Injury,Pedestrian Collisions,Vehicle Owner,unknown,None,,,Other,,,,,,,Yes,Yes,,,,,,,,,,116,Steeles (116)
1640,2006,2006-12-05T05:00:00,1821,18,VICTORIA PARK Ave,MCNICOLL Ave,,Major Arterial,North York,,42,43.804745,-79.33659,Mid-Block,,No Control,Clear,Dark,Dry,Non-Fatal Injury,Pedestrian Collisions,Driver,35 to 39,None,,South,"Automobile, Station Wagon",Going Ahead,Driving Properly,Normal,,,,Yes,Yes,,,,,,,,,,116,Steeles (116)
1641,2006,2006-12-05T05:00:00,1821,18,VICTORIA PARK Ave,MCNICOLL Ave,,Major Arterial,North York,,42,43.804745,-79.33659,Mid-Block,,No Control,Clear,Dark,Dry,Non-Fatal Injury,Pedestrian Collisions,Driver,unknown,None,,North,"Automobile, Station Wagon",Going Ahead,Other,Unknown,,,,Yes,Yes,,,,,,,,,,116,Steeles (116)
1642,2006,2006-12-05T05:00:00,1821,18,VICTORIA PARK Ave,MCNICOLL Ave,,Major Arterial,North York,,42,43.804745,-79.33659,Mid-Block,,No Control,Clear,Dark,Dry,Non-Fatal Injury,Pedestrian Collisions,Pedestrian,40 to 44,Major,,,Other,,,,Pedestrian hit at mid-block,Crossing without right of way,Normal,Yes,Yes,,,,,,,,,,116,Steeles (116)
1643,2006,2006-12-05T05:00:00,1821,18,VICTORIA PARK Ave,MCNICOLL Ave,,Major Arterial,North York,,42,43.804745,-79.33659,Mid-Block,,No Control,Clear,Dark,Dry,Non-Fatal Injury,Pedestrian Collisions,Pedestrian,45 to 49,Major,,,Other,,,,Pedestrian hit at mid-block,Crossing without right of way,Normal,Yes,Yes,,,,,,,,,,116,Steeles (116)
12786,2016,2016-07-16T04:00:00,1821,18,MARKHAM RD,LAWRENCE AVE E,18 m South of,Major Arterial,Scarborough,24,43,43.75981,-79.225314,Intersection,Non Intersection,No Control,Clear,Daylight,Dry,Non-Fatal Injury,Pedestrian Collisions,Driver,45 to 49,None,,West,Passenger Van,Turning Right,Driving Properly,Normal,,,,Yes,Yes,,,,,,,,,,137,Woburn (137)
12787,2016,2016-07-16T04:00:00,1821,18,MARKHAM RD,LAWRENCE AVE E,18 m South of,Major Arterial,Scarborough,24,43,43.75981,-79.225314,Intersection,Non Intersection,No Control,Clear,Daylight,Dry,Non-Fatal Injury,Pedestrian Collisions,Pedestrian,60 to 64,Major,,Unknown,,,,,Pedestrian hit at mid-block,"Crossing, no Traffic Control",Inattentive,Yes,Yes,,,,,,,,,,137,Woburn (137)
15022,2019,2019-10-10T04:00:00,1821,18,LAWRENCE AVE E,CROCKFORD BLVD,,Major Arterial,Scarborough,21,41,43.746093,-79.291241,Intersection,At Intersection,Traffic Signal,Clear,Daylight,Dry,Non-Fatal Injury,Pedestrian Collisions,Pedestrian,10 to 14,Major,,,,,,,,,Normal,Yes,Yes,,,,,,,,,,119,Wexford/Maryvale (119)
16003,2019,2019-10-10T04:00:00,1821,18,LAWRENCE AVE E,CROCKFORD BLVD,,Major Arterial,Scarborough,21,41,43.746093,-79.291241,Intersection,At Intersection,Traffic Signal,Clear,Daylight,Dry,Non-Fatal Injury,Pedestrian Collisions,Driver,45 to 49,None,,West,"Automobile, Station Wagon",Going Ahead,Driving Properly,Normal,,,,Yes,Yes,,,,,,,,,,119,Wexford/Maryvale (119)
6287,2011,2011-02-11T05:00:00,1822,18,DUNDAS ST E,SHERBOURNE ST,,Major Arterial,Toronto and East York,13,51,43.658245,-79.37099,Intersection,At Intersection,Traffic Signal,Clear,Dark,Dry,Non-Fatal Injury,Pedestrian Collisions,Driver,60 to 64,None,,East,"Automobile, Station Wagon",Going Ahead,Driving Properly,Normal,,,,Yes,Yes,,,,,,,,,,73,Moss Park (73)
6288,2011,2011-02-11T05:00:00,1822,18,DUNDAS ST E,SHERBOURNE ST,,Major Arterial,Toronto and East York,13,51,43.658245,-79.37099,Intersection,At Intersection,Traffic Signal,Clear,Dark,Dry,Non-Fatal Injury,Pedestrian Collisions,Pedestrian,40 to 44,Major,,North,Other,,,,Vehicle is going straight thru inter.while ped cross without ROW,Crossing without right of way,Inattentive,Yes,Yes,,,,,,,,,,73,Moss Park (73)
15560,2018,2018-11-12T05:00:00,1822,18,ELLESMERE  RD,NEILSON  RD,,Major Arterial,Scarborough,24,43,43.783148,-79.202258,Mid-Block,Non Intersection,No Control,Clear,"Dark, artificial",Dry,Fatal,Pedestrian Collisions,Driver,75 to 79,None,,East,"Automobile, Station Wagon",Going Ahead,Driving Properly,Normal,,,,Yes,Yes,,,,,,,,,,135,Morningside (135)
15561,2018,2018-11-12T05:00:00,1822,18,ELLESMERE  RD,NEILSON  RD,,Major Arterial,Scarborough,24,43,43.783148,-79.202258,Mid-Block,Non Intersection,No Control,Clear,"Dark, artificial",Dry,Fatal,Pedestrian Collisions,Pedestrian,50 to 54,Fatal,60,Unknown,,,,,Pedestrian hit at mid-block,Other,Unknown,Yes,Yes,,,,,,,,,,135,Morningside (135)
6174,2011,2011-05-07T04:00:00,1823,18,EGLINTON Ave W,MARLEE Ave,,Major Arterial,North York,,13,43.69797,-79.439349,Intersection,At Intersection,Traffic Signal,Clear,Daylight,Dry,Non-Fatal Injury,Pedestrian Collisions,Driver,25 to 29,None,,East,"Automobile, Station Wagon",Going Ahead,Driving Properly,Normal,,,,Yes,Yes,,,,,,,,,,107,Oakwood Village (107)
6175,2011,2011-05-07T04:00:00,1823,18,EGLINTON Ave W,MARLEE Ave,,Major Arterial,North York,,13,43.69797,-79.439349,Intersection,At Intersection,Traffic Signal,Clear,Daylight,Dry,Non-Fatal Injury,Pedestrian Collisions,Pedestrian,15 to 19,Major,,North,Other,,,,Vehicle is going straight thru inter.while ped cross without ROW,Running onto Roadway,Inattentive,Yes,Yes,,,,,,,,,,107,Oakwood Village (107)
14387,2018,2018-09-09T04:00:00,1823,18,MARKHAM RD,MCNICOLL AVE,75 m North of,Major Arterial,Scarborough,23,42,43.823997,-79.247822,Mid-Block,Non Intersection,Traffic Signal,Clear,Daylight,Dry,Non-Fatal Injury,Pedestrian Collisions,Driver,40 to 44,None,,North,Pick Up Truck,Going Ahead,Driving Properly,Normal,,,,Yes,Yes,,,,,,,,,,131,Rouge (131)
14392,2018,2018-09-09T04:00:00,1823,18,MARKHAM RD,MCNICOLL AVE,75 m North of,Major Arterial,Scarborough,23,42,43.823997,-79.247822,Mid-Block,Non Intersection,Traffic Signal,Clear,Daylight,Dry,Non-Fatal Injury,Pedestrian Collisions,Driver,30 to 34,None,,North,"Automobile, Station Wagon",Going Ahead,Driving Properly,Normal,,,,Yes,Yes,,,,,,,,,,131,Rouge (131)
14408,2018,2018-09-09T04:00:00,1823,18,MARKHAM RD,MCNICOLL AVE,75 m North of,Major Arterial,Scarborough,23,42,43.823997,-79.247822,Mid-Block,Non Intersection,Traffic Signal,Clear,Daylight,Dry,Non-Fatal Injury,Pedestrian Collisions,Pedestrian,70 to 74,Major,,,,,,,,,Normal,Yes,Yes,,,,,,,,,,131,Rouge (131)
12847,2015,2015-12-30T05:00:00,1824,18,CARLTON ST,SHERBOURNE ST,,Minor Arterial,Toronto and East York,13,51,43.66318,-79.37305,Intersection,At Intersection,Traffic Signal,Clear,Dark,Dry,Non-Fatal Injury,Pedestrian Collisions,Driver,25 to 29,None,,West,"Automobile, Station Wagon",Turning Right,Failed to Yield Right of Way,Inattentive,,,,Yes,Yes,,,,,,Yes,,,,73,Moss Park (73)
12848,2015,2015-12-30T05:00:00,1824,18,CARLTON ST,SHERBOURNE ST,,Minor Arterial,Toronto and East York,13,51,43.66318,-79.37305,Intersection,At Intersection,Traffic Signal,Clear,Dark,Dry,Non-Fatal Injury,Pedestrian Collisions,Pedestrian,35 to 39,Major,,East,,,,,Vehicle turns right while ped crosses with ROW at inter.,Crossing with right of way,Normal,Yes,Yes,,,,,,Yes,,,,73,Moss Park (73)
898,2006,2006-04-06T04:00:00,1825,18,232 VIEWMOUNT AVE,,,Local,North York,8,13,43.708045,-79.43919,Mid-Block,,No Control,Clear,Daylight,Dry,Non-Fatal Injury,Pedestrian Collisions,Driver,15 to 19,None,,West,"Automobile, Station Wagon",Going Ahead,Driving Properly,Normal,,,,Yes,Yes,,,,,,,,,,32,Englemount-Lawrence (32)
899,2006,2006-04-06T04:00:00,1825,18,232 VIEWMOUNT AVE,,,Local,North York,8,13,43.708045,-79.43919,Mid-Block,,No Control,Clear,Daylight,Dry,Non-Fatal Injury,Pedestrian Collisions,Pedestrian,60 to 64,Major,,South,Other,Other,,,Vehicle hits the pedestrian walking or running out from between parked vehicles at mid-block,Coming From Behind Parked Vehicle,Unknown,Yes,Yes,,,,,,,,,,32,Englemount-Lawrence (32)
2744,2007,2007-11-09T05:00:00,1825,18,WESTON RD,ST PHILLIPS RD,,Major Arterial,Etobicoke York,5,12,43.706245,-79.53239,Intersection,At Intersection,Traffic Signal,Rain,Dark,Wet,Non-Fatal Injury,Pedestrian Collisions,Pedestrian,65 to 69,Major,,East,"Automobile, Station Wagon",,,,Vehicle is going straight thru inter.while ped cross with ROW,Crossing with right of way,Normal,Yes,Yes,,,,,,,,,,113,Weston (113)
2745,2007,2007-11-09T05:00:00,1825,18,WESTON RD,ST PHILLIPS RD,,Major Arterial,Etobicoke York,5,12,43.706245,-79.53239,Intersection,At Intersection,Traffic Signal,Rain,Dark,Wet,Non-Fatal Injury,Pedestrian Collisions,Driver,unknown,None,,South,"Automobile, Station Wagon",Going Ahead,Other,Unknown,,,,Yes,Yes,,,,,,,,,,113,Weston (113)
5290,2010,2010-01-25T05:00:00,1825,18,SYMINGTON AVE,DAVENPORT RD,,Minor Arterial,Toronto and East York,9,11,43.670745,-79.45329,Intersection,At Intersection,Traffic Signal,Clear,Dark,Wet,Fatal,Pedestrian Collisions,Driver,25 to 29,None,,North,"Automobile, Station Wagon",Turning Left,Driving Properly,Normal,,,,Yes,Yes,,,,,,,,,,91,Weston-Pellam Park (91)
5291,2010,2010-01-25T05:00:00,1825,18,SYMINGTON AVE,DAVENPORT RD,,Minor Arterial,Toronto and East York,9,11,43.670745,-79.45329,Intersection,At Intersection,Traffic Signal,Clear,Dark,Wet,Fatal,Pedestrian Collisions,Pedestrian,35 to 39,Fatal,8,South,Other,,,,Pedestrian hit at mid-block,"Crossing, no Traffic Control",Unknown,Yes,Yes,,,,,,,,,,91,Weston-Pellam Park (91)
6371,2011,2011-03-15T04:00:00,1825,18,MOUNT PLEASANT Road,MOORE Aven,,Major Arterial,Toronto and East York,11,53,43.693545,-79.38469,Intersection,At Intersection,Traffic Signal,Clear,Daylight,Dry,Non-Fatal Injury,Pedestrian Collisions,Passenger,80 to 84,None,,,Other,,,,,,,Yes,Yes,,,,Yes,,Yes,,,,98,Rosedale-Moore Park (98)
6372,2011,2011-03-15T04:00:00,1825,18,MOUNT PLEASANT Road,MOORE Aven,,Major Arterial,Toronto and East York,11,53,43.693545,-79.38469,Intersection,At Intersection,Traffic Signal,Clear,Daylight,Dry,Non-Fatal Injury,Pedestrian Collisions,Driver,75 to 79,None,,West,"Automobile, Station Wagon",Turning Left,Failed to Yield Right of Way,Normal,,,,Yes,Yes,,,,Yes,,Yes,,,,98,Rosedale-Moore Park (98)
6373,2011,2011-03-15T04:00:00,1825,18,MOUNT PLEASANT Road,MOORE Aven,,Major Arterial,Toronto and East York,11,53,43.693545,-79.38469,Intersection,At Intersection,Traffic Signal,Clear,Daylight,Dry,Non-Fatal Injury,Pedestrian Collisions,Pedestrian,40 to 44,Major,,West,Other,,,,Vehicle turns left while ped crosses with ROW at inter.,Crossing with right of way,Normal,Yes,Yes,,,,Yes,,Yes,,,,98,Rosedale-Moore Park (98)
8884,2012,2012-03-22T04:00:00,1825,18,HUMBERLINE Driv,HOLYOAKE Cres,,Collector,Etobicoke York,1,23,43.732245,-79.61379,Mid-Block,,No Control,Clear,Daylight,Dry,Non-Fatal Injury,Pedestrian Collisions,Vehicle Owner,unknown,,,,Other,,,,,,,Yes,,,Yes,,,,,,,,1,West Humber-Clairville (1)
8885,2012,2012-03-22T04:00:00,1825,18,HUMBERLINE Driv,HOLYOAKE Cres,,Collector,Etobicoke York,1,23,43.732245,-79.61379,Mid-Block,,No Control,Clear,Daylight,Dry,Non-Fatal Injury,Pedestrian Collisions,Driver,50 to 54,None,,West,Municipal Transit Bus (TTC),Going Ahead,Driving Properly,Normal,,,,Yes,,,Yes,,,,,,,,1,West Humber-Clairville (1)
8887,2012,2012-03-22T04:00:00,1825,18,HUMBERLINE Driv,HOLYOAKE Cres,,Collector,Etobicoke York,1,23,43.732245,-79.61379,Mid-Block,,No Control,Clear,Daylight,Dry,Non-Fatal Injury,Pedestrian Collisions,Pedestrian,50 to 54,Major,,,Other,,,,Pedestrian involved in a collision with transit vehicle anywhere along roadway,Person Getting on/off Vehicle,"Ability Impaired, Alcohol",Yes,,,Yes,,,,,,,,1,West Humber-Clairville (1)
9204,2012,2012-12-27T05:00:00,1825,18,LAWRENCE AVE E,MORNINGSIDE AVE,,Major Arterial,Scarborough,24,43,43.768045,-79.18799,Mid-Block,,No Control,Clear,"Dark, artificial",Slush,Non-Fatal Injury,Pedestrian Collisions,Vehicle Owner,unknown,,,,Other,,,,,,,Yes,Yes,,,,,,,,,,136,West Hill (136)
9205,2012,2012-12-27T05:00:00,1825,18,LAWRENCE AVE E,MORNINGSIDE AVE,,Major Arterial,Scarborough,24,43,43.768045,-79.18799,Mid-Block,,No Control,Clear,"Dark, artificial",Slush,Non-Fatal Injury,Pedestrian Collisions,Driver,55 to 59,None,,West,"Automobile, Station Wagon",Going Ahead,Driving Properly,Normal,,,,Yes,Yes,,,,,,,,,,136,West Hill (136)
9206,2012,2012-12-27T05:00:00,1825,18,LAWRENCE AVE E,MORNINGSIDE AVE,,Major Arterial,Scarborough,24,43,43.768045,-79.18799,Mid-Block,,No Control,Clear,"Dark, artificial",Slush,Non-Fatal Injury,Pedestrian Collisions,Pedestrian,70 to 74,Major,,South,Other,,,,Pedestrian hit at mid-block,"Crossing, no Traffic Control",Medical or Physical Disability,Yes,Yes,,,,,,,,,,136,West Hill (136)
12823,2016,2016-07-29T04:00:00,1825,18,KINGSTON RD,GUILDCREST DR,,Major Arterial,Scarborough,24,43,43.747851,-79.207637,Intersection,At Intersection,No Control,Clear,Daylight,Dry,Fatal,Pedestrian Collisions,Driver,25 to 29,None,,North,"Automobile, Station Wagon",Going Ahead,Failed to Yield Right of Way,Normal,,,,Yes,Yes,,Yes,,,Yes,Yes,,,,140,Guildwood (140)
12824,2016,2016-07-29T04:00:00,1825,18,KINGSTON RD,GUILDCREST DR,,Major Arterial,Scarborough,24,43,43.747851,-79.207637,Intersection,At Intersection,No Control,Clear,Daylight,Dry,Fatal,Pedestrian Collisions,Driver,30 to 34,None,,West,Municipal Transit Bus (TTC),Going Ahead,Driving Properly,Unknown,,,,Yes,Yes,,Yes,,,Yes,Yes,,,,140,Guildwood (140)
12825,2016,2016-07-29T04:00:00,1825,18,KINGSTON RD,GUILDCREST DR,,Major Arterial,Scarborough,24,43,43.747851,-79.207637,Intersection,At Intersection,No Control,Clear,Daylight,Dry,Fatal,Pedestrian Collisions,Pedestrian,60 to 64,Fatal,48,East,,,,,Vehicle is going straight thru inter.while ped cross with ROW,Crossing with right of way,Unknown,Yes,Yes,,Yes,,,Yes,Yes,,,,140,Guildwood (140)
12826,2016,2016-07-29T04:00:00,1825,18,KINGSTON RD,GUILDCREST DR,,Major Arterial,Scarborough,24,43,43.747851,-79.207637,Intersection,At Intersection,No Control,Clear,Daylight,Dry,Fatal,Pedestrian Collisions,Pedestrian,60 to 64,Minimal,,East,,,,,Vehicle is going straight thru inter.while ped cross with ROW,Crossing with right of way,Unknown,Yes,Yes,,Yes,,,Yes,Yes,,,,140,Guildwood (140)
14028,2017,2017-10-06T04:00:00,1825,18,SHEPPARD  AVE E,PROVOST DR,,Major Arterial,North York,17,33,43.770285,-79.371227,Intersection,At Intersection,Traffic Signal,Clear,Daylight,Dry,Non-Fatal Injury,Pedestrian Collisions,Pedestrian,60 to 64,Major,,Unknown,,,,,Pedestrian hit on sidewalk or shoulder,On Sidewalk or Shoulder,Normal,Yes,Yes,,,,Yes,,Yes,Yes,,,52,Bayview Village (52)
14029,2017,2017-10-06T04:00:00,1825,18,SHEPPARD  AVE E,PROVOST DR,,Major Arterial,North York,17,33,43.770285,-79.371227,Intersection,At Intersection,Traffic Signal,Clear,Daylight,Dry,Non-Fatal Injury,Pedestrian Collisions,Passenger,70 to 74,Minimal,,,,,,,,,,Yes,Yes,,,,Yes,,Yes,Yes,,,52,Bayview Village (52)
14030,2017,2017-10-06T04:00:00,1825,18,SHEPPARD  AVE E,PROVOST DR,,Major Arterial,North York,17,33,43.770285,-79.371227,Intersection,At Intersection,Traffic Signal,Clear,Daylight,Dry,Non-Fatal Injury,Pedestrian Collisions,Passenger,75 to 79,Minimal,,,,,,,,,,Yes,Yes,,,,Yes,,Yes,Yes,,,52,Bayview Village (52)
14032,2017,2017-10-06T04:00:00,1825,18,SHEPPARD  AVE E,PROVOST DR,,Major Arterial,North York,17,33,43.770285,-79.371227,Intersection,At Intersection,Traffic Signal,Clear,Daylight,Dry,Non-Fatal Injury,Pedestrian Collisions,Driver,30 to 34,Minimal,,North,"Automobile, Station Wagon",Stopped,Driving Properly,Normal,,,,Yes,Yes,,,,Yes,,Yes,Yes,,,52,Bayview Village (52)
14034,2017,2017-10-06T04:00:00,1825,18,SHEPPARD  AVE E,PROVOST DR,,Major Arterial,North York,17,33,43.770285,-79.371227,Intersection,At Intersection,Traffic Signal,Clear,Daylight,Dry,Non-Fatal Injury,Pedestrian Collisions,Driver,20 to 24,Minimal,,East,"Automobile, Station Wagon",Going Ahead,Disobeyed Traffic Control,Normal,,,,Yes,Yes,,,,Yes,,Yes,Yes,,,52,Bayview Village (52)
14035,2017,2017-10-06T04:00:00,1825,18,SHEPPARD  AVE E,PROVOST DR,,Major Arterial,North York,17,33,43.770285,-79.371227,Intersection,At Intersection,Traffic Signal,Clear,Daylight,Dry,Non-Fatal Injury,Pedestrian Collisions,Driver,30 to 34,Minimal,,West,"Automobile, Station Wagon",Turning Left,Failed to Yield Right of Way,Normal,,,,Yes,Yes,,,,Yes,,Yes,Yes,,,52,Bayview Village (52)
14865,2017,2017-11-30T05:00:00,1825,18,LAWRENCE  AVE W,GLENMOUNT AVE,,Major Arterial,North York,8,32,43.718421,-79.432933,Intersection,At Intersection,Traffic Signal,Clear,"Dark, artificial",Dry,Non-Fatal Injury,Pedestrian Collisions,Pedestrian,65 to 69,Major,,South,,,,,Vehicle turns left while ped crosses with ROW at inter.,Crossing with right of way,Normal,Yes,Yes,,,,,,Yes,,,,32,Englemount-Lawrence (32)
14866,2017,2017-11-30T05:00:00,1825,18,LAWRENCE  AVE W,GLENMOUNT AVE,,Major Arterial,North York,8,32,43.718421,-79.432933,Intersection,At Intersection,Traffic Signal,Clear,"Dark, artificial",Dry,Non-Fatal Injury,Pedestrian Collisions,Driver,70 to 74,None,,North,"Automobile, Station Wagon",Turning Left,Failed to Yield Right of Way,Inattentive,,,,Yes,Yes,,,,,,Yes,,,,32,Englemount-Lawrence (32)