_id,YEAR,DATE,TIME,HOUR,STREET1,STREET2,OFFSET,ROAD_CLASS,District,WardNum,Division,LATITUDE,LONGITUDE,LOCCOORD,ACCLOC,TRAFFCTL,VISIBILITY,LIGHT,RDSFCOND,ACCLASS,IMPACTYPE,INVTYPE,INVAGE,INJURY,FATAL_NO,INITDIR,VEHTYPE,MANOEUVER,DRIVACT,DRIVCOND,PEDTYPE,PEDACT,PEDCOND,PEDESTRIAN,AUTOMOBILE,TRUCK,TRSN_CITY_VEH,EMERG_VEH,PASSENGER,SPEEDING,AG_DRIV,REDLIGHT,ALCOHOL,DISABILITY,Hood_ID,Neighbourhood
3358,2008,2008-08-15T04:00:00,1831,18,HORSHAM AVE,YONGE ST,,Major Arterial,North York,18,32,43.775145,-79.41439,Intersection,,No Control,Clear,Daylight,Wet,Non-Fatal Injury,Pedestrian Collisions,Passenger,30 to 34,None,,,Other,,,,,,,Yes,Yes,,,,Yes,,,,,,51,Willowdale East (51)
3359,2008,2008-08-15T04:00:00,1831,18,HORSHAM AVE,YONGE ST,,Major Arterial,North York,18,32,43.775145,-79.41439,Intersection,,No Control,Clear,Daylight,Wet,Non-Fatal Injury,Pedestrian Collisions,Driver,30 to 34,None,,East,"Automobile, Station Wagon",Going Ahead,Driving Properly,Normal,,,,Yes,Yes,,,,Yes,,,,,,51,Willowdale East (51)
3360,2008,2008-08-15T04:00:00,1831,18,HORSHAM AVE,YONGE ST,,Major Arterial,North York,18,32,43.775145,-79.41439,Intersection,,No Control,Clear,Daylight,Wet,Non-Fatal Injury,Pedestrian Collisions,Pedestrian,5 to 9,Major,,North,Other,,,,Vehicle is going straight thru inter.while ped cross without ROW,Running onto Roadway,Inattentive,Yes,Yes,,,,Yes,,,,,,51,Willowdale East (51)
13356,2017,2017-09-05T04:00:00,1832,18,CODSELL AVE,MAXWELL ST,,Local,North York,6,32,43.756312,-79.446689,Intersection,At Intersection,Stop Sign,Clear,Daylight,Dry,Fatal,Pedestrian Collisions,Pedestrian,70 to 74,Fatal,40,South,,,,,Vehicle is going straight thru inter.while ped cross with ROW,Crossing with right of way,Unknown,Yes,Yes,,,,,,Yes,,,,34,Bathurst Manor (34)
13357,2017,2017-09-05T04:00:00,1832,18,CODSELL AVE,MAXWELL ST,,Local,North York,6,32,43.756312,-79.446689,Intersection,At Intersection,Stop Sign,Clear,Daylight,Dry,Fatal,Pedestrian Collisions,Driver,70 to 74,None,,West,"Automobile, Station Wagon",Going Ahead,Failed to Yield Right of Way,Unknown,,,,Yes,Yes,,,,,,Yes,,,,34,Bathurst Manor (34)
12509,2015,2015-11-30T05:00:00,1833,18,FLORENCE AVE,BOTHAM RD,,Collector,North York,18,32,43.757376,-79.413707,Intersection,At Intersection,Stop Sign,Clear,"Dark, artificial",Dry,Non-Fatal Injury,Pedestrian Collisions,Driver,45 to 49,None,,West,"Automobile, Station Wagon",Turning Left,Failed to Yield Right of Way,Inattentive,,,,Yes,Yes,,,,,,Yes,,,,38,Lansing-Westgate (38)
12510,2015,2015-11-30T05:00:00,1833,18,FLORENCE AVE,BOTHAM RD,,Collector,North York,18,32,43.757376,-79.413707,Intersection,At Intersection,Stop Sign,Clear,"Dark, artificial",Dry,Non-Fatal Injury,Pedestrian Collisions,Pedestrian,55 to 59,Major,,East,,,,,Vehicle turns left while ped crosses with ROW at inter.,Crossing with right of way,Normal,Yes,Yes,,,,,,Yes,,,,38,Lansing-Westgate (38)
13445,2016,2016-11-08T05:00:00,1833,18,ISLINGTON AVE,SUMMITCREST DR,,Major Arterial,Etobicoke York,2,23,43.683188,-79.540462,Intersection,At Intersection,Traffic Signal,Rain,"Dark, artificial",Wet,Non-Fatal Injury,Pedestrian Collisions,Driver,65 to 69,None,,East,"Automobile, Station Wagon",Turning Left,Failed to Yield Right of Way,Inattentive,,,,Yes,Yes,,,,,,Yes,,,,7,Willowridge-Martingrove-Richview (7)
13446,2016,2016-11-08T05:00:00,1833,18,ISLINGTON AVE,SUMMITCREST DR,,Major Arterial,Etobicoke York,2,23,43.683188,-79.540462,Intersection,At Intersection,Traffic Signal,Rain,"Dark, artificial",Wet,Non-Fatal Injury,Pedestrian Collisions,Pedestrian,15 to 19,Major,,East,,,,,Vehicle turns left while ped crosses with ROW at inter.,Crossing with right of way,Normal,Yes,Yes,,,,,,Yes,,,,7,Willowridge-Martingrove-Richview (7)
6697,2010,2010-10-29T04:00:00,1834,18,1000 GERRARD St E,,,Minor Arterial,Toronto and East York,14,55,43.668645,-79.33859,,,No Control,Clear,Dusk,Dry,Non-Fatal Injury,Pedestrian Collisions,Other,unknown,None,,,Other,Going Ahead,,,,,,Yes,Yes,,,,,,,,,,70,South Riverdale (70)
6704,2010,2010-10-29T04:00:00,1834,18,1000 GERRARD St E,,,Minor Arterial,Toronto and East York,14,55,43.668645,-79.33859,,,No Control,Clear,Dusk,Dry,Non-Fatal Injury,Pedestrian Collisions,Pedestrian,unknown,Major,,,Other,Other,,,,,,Yes,Yes,,,,,,,,,,70,South Riverdale (70)
6799,2010,2010-10-29T04:00:00,1834,18,1000 GERRARD St E,,,Minor Arterial,Toronto and East York,14,55,43.668645,-79.33859,,,No Control,Clear,Dusk,Dry,Non-Fatal Injury,Pedestrian Collisions,Driver,unknown,None,,,"Automobile, Station Wagon",Unknown,,,,,,Yes,Yes,,,,,,,,,,70,South Riverdale (70)
8875,2012,2012-03-19T04:00:00,1834,18,LEDBURY Stre,WOBURN Aven,,Collector,North York,8,32,43.723945,-79.42379,Intersection,At Intersection,Stop Sign,Clear,Daylight,Dry,Non-Fatal Injury,Pedestrian Collisions,Pedestrian,85 to 89,Major,,East,Other,,,,Vehicle turns left while ped crosses with ROW at inter.,Crossing with right of way,Inattentive,Yes,Yes,,,,,,Yes,,,,39,Bedford Park-Nortown (39)
8876,2012,2012-03-19T04:00:00,1834,18,LEDBURY Stre,WOBURN Aven,,Collector,North York,8,32,43.723945,-79.42379,Intersection,At Intersection,Stop Sign,Clear,Daylight,Dry,Non-Fatal Injury,Pedestrian Collisions,Driver,50 to 54,None,,East,"Automobile, Station Wagon",Turning Left,Failed to Yield Right of Way,Inattentive,,,,Yes,Yes,,,,,,Yes,,,,39,Bedford Park-Nortown (39)
16078,2019,2019-12-22T05:00:00,1834,18,MARKHAM RD,PROGRESS AVE,,Major Arterial,Scarborough,24,43,43.781672,-79.233852,Intersection,Intersection Related,Traffic Signal,,Dark,,Fatal,Pedestrian Collisions,Pedestrian,15 to 19,Fatal,62,Unknown,,,,,Pedestrian hit on sidewalk or shoulder,On Sidewalk or Shoulder,Unknown,Yes,Yes,,,,,,,,,,137,Woburn (137)
16079,2019,2019-12-22T05:00:00,1834,18,MARKHAM RD,PROGRESS AVE,,Major Arterial,Scarborough,24,43,43.781672,-79.233852,Intersection,Intersection Related,Traffic Signal,,Dark,,Fatal,Pedestrian Collisions,Pedestrian,20 to 24,Major,,Unknown,,,,,Pedestrian hit on sidewalk or shoulder,On Sidewalk or Shoulder,Unknown,Yes,Yes,,,,,,,,,,137,Woburn (137)
16080,2019,2019-12-22T05:00:00,1834,18,MARKHAM RD,PROGRESS AVE,,Major Arterial,Scarborough,24,43,43.781672,-79.233852,Intersection,Intersection Related,Traffic Signal,,Dark,,Fatal,Pedestrian Collisions,Pedestrian,15 to 19,Fatal,61,Unknown,,,,,Pedestrian hit on sidewalk or shoulder,On Sidewalk or Shoulder,Unknown,Yes,Yes,,,,,,,,,,137,Woburn (137)
16081,2019,2019-12-22T05:00:00,1834,18,MARKHAM RD,PROGRESS AVE,,Major Arterial,Scarborough,24,43,43.781672,-79.233852,Intersection,Intersection Related,Traffic Signal,,Dark,,Fatal,Pedestrian Collisions,Driver,40 to 44,Minimal,,East,"Automobile, Station Wagon",Going Ahead,Lost control,Unknown,,,,Yes,Yes,,,,,,,,,,137,Woburn (137)
5928,2009,2009-11-20T05:00:00,1835,18,THE QUEENSWAY,THE WEST MALL,,Major Arterial,Etobicoke York,3,22,43.613645,-79.56039,Mid-Block,,Traffic Signal,Clear,Dark,Dry,Non-Fatal Injury,Pedestrian Collisions,Pedestrian,50 to 54,Major,,North,Other,,,,Vehicle turns left while ped crosses with ROW at inter.,Crossing with right of way,Normal,Yes,Yes,,,,,,Yes,,,,14,Islington-City Centre West (14)
5929,2009,2009-11-20T05:00:00,1835,18,THE QUEENSWAY,THE WEST MALL,,Major Arterial,Etobicoke York,3,22,43.613645,-79.56039,Mid-Block,,Traffic Signal,Clear,Dark,Dry,Non-Fatal Injury,Pedestrian Collisions,Driver,55 to 59,None,,North,"Automobile, Station Wagon",Turning Left,Failed to Yield Right of Way,Inattentive,,,,Yes,Yes,,,,,,Yes,,,,14,Islington-City Centre West (14)
7230,2011,2011-10-24T04:00:00,1835,18,EDITH DR,ORCHARD VIEW BLVD,,Collector,North York,8,53,43.707245,-79.40329,Intersection,At Intersection,Stop Sign,Clear,Dark,Dry,Non-Fatal Injury,Pedestrian Collisions,Vehicle Owner,unknown,,,,Other,,,,,,,Yes,Yes,,,,,,Yes,,,,100,Yonge-Eglinton (100)
7231,2011,2011-10-24T04:00:00,1835,18,EDITH DR,ORCHARD VIEW BLVD,,Collector,North York,8,53,43.707245,-79.40329,Intersection,At Intersection,Stop Sign,Clear,Dark,Dry,Non-Fatal Injury,Pedestrian Collisions,Driver,45 to 49,None,,West,"Automobile, Station Wagon",Turning Left,Failed to Yield Right of Way,Inattentive,,,,Yes,Yes,,,,,,Yes,,,,100,Yonge-Eglinton (100)
7232,2011,2011-10-24T04:00:00,1835,18,EDITH DR,ORCHARD VIEW BLVD,,Collector,North York,8,53,43.707245,-79.40329,Intersection,At Intersection,Stop Sign,Clear,Dark,Dry,Non-Fatal Injury,Pedestrian Collisions,Pedestrian,90 to 94,Major,,East,Other,,,,Vehicle turns left while ped crosses with ROW at inter.,Crossing with right of way,Normal,Yes,Yes,,,,,,Yes,,,,100,Yonge-Eglinton (100)
15007,2018,2018-11-01T04:00:00,1835,18,DANFORTH AVE,WESTLAKE AV,,Major Arterial,North York,19,54,43.687472,-79.304965,Intersection,Intersection Related,Traffic Signal,Rain,"Dark, artificial",Wet,Non-Fatal Injury,Pedestrian Collisions,Driver,75 to 79,Major,,South,"Automobile, Station Wagon",Turning Left,Improper Turn,Normal,,,,Yes,Yes,,,,Yes,,,,,,62,East End-Danforth (62)
15008,2018,2018-11-01T04:00:00,1835,18,DANFORTH AVE,WESTLAKE AV,,Major Arterial,North York,19,54,43.687472,-79.304965,Intersection,Intersection Related,Traffic Signal,Rain,"Dark, artificial",Wet,Non-Fatal Injury,Pedestrian Collisions,Passenger,70 to 74,Major,,,,,,,,,,Yes,Yes,,,,Yes,,,,,,62,East End-Danforth (62)
15015,2018,2018-11-01T04:00:00,1835,18,DANFORTH AVE,WESTLAKE AV,,Major Arterial,North York,19,54,43.687472,-79.304965,Intersection,Intersection Related,Traffic Signal,Rain,"Dark, artificial",Wet,Non-Fatal Injury,Pedestrian Collisions,Pedestrian,30 to 34,Minimal,,North,,,,,Vehicle turns left while ped crosses with ROW at inter.,Crossing with right of way,Normal,Yes,Yes,,,,Yes,,,,,,62,East End-Danforth (62)
2713,2007,2007-11-06T05:00:00,1836,18,BUSHBY DR,MCCOWAN RD,,Major Arterial,Scarborough,,43,43.774545,-79.25219,Intersection,,Traffic Signal,Rain,Dusk,Wet,Non-Fatal Injury,Pedestrian Collisions,Vehicle Owner,unknown,,,,Other,,,,,,,Yes,Yes,,,,,,Yes,,,,137,Woburn (137)
2714,2007,2007-11-06T05:00:00,1836,18,BUSHBY DR,MCCOWAN RD,,Major Arterial,Scarborough,,43,43.774545,-79.25219,Intersection,,Traffic Signal,Rain,Dusk,Wet,Non-Fatal Injury,Pedestrian Collisions,Driver,60 to 64,None,,South,"Automobile, Station Wagon",Turning Left,Failed to Yield Right of Way,Had Been Drinking,,,,Yes,Yes,,,,,,Yes,,,,137,Woburn (137)
2715,2007,2007-11-06T05:00:00,1836,18,BUSHBY DR,MCCOWAN RD,,Major Arterial,Scarborough,,43,43.774545,-79.25219,Intersection,,Traffic Signal,Rain,Dusk,Wet,Non-Fatal Injury,Pedestrian Collisions,Pedestrian,30 to 34,Major,,South,Other,,,,Vehicle turns left while ped crosses with ROW at inter.,Crossing with right of way,Normal,Yes,Yes,,,,,,Yes,,,,137,Woburn (137)
4925,2008,2008-10-29T04:00:00,1836,18,BAY ST,DUNDAS ST W,,Major Arterial,Toronto and East York,,52,43.655745,-79.38379,Intersection,At Intersection,Traffic Signal,Clear,Dark,Dry,Non-Fatal Injury,Pedestrian Collisions,Passenger,50 to 54,None,,,Other,,,,,,,Yes,Yes,,,,Yes,Yes,Yes,,,,76,Bay Street Corridor (76)
4926,2008,2008-10-29T04:00:00,1836,18,BAY ST,DUNDAS ST W,,Major Arterial,Toronto and East York,,52,43.655745,-79.38379,Intersection,At Intersection,Traffic Signal,Clear,Dark,Dry,Non-Fatal Injury,Pedestrian Collisions,Vehicle Owner,unknown,,,,Other,,,,,,,Yes,Yes,,,,Yes,Yes,Yes,,,,76,Bay Street Corridor (76)
4927,2008,2008-10-29T04:00:00,1836,18,BAY ST,DUNDAS ST W,,Major Arterial,Toronto and East York,,52,43.655745,-79.38379,Intersection,At Intersection,Traffic Signal,Clear,Dark,Dry,Non-Fatal Injury,Pedestrian Collisions,Driver,65 to 69,None,,North,"Automobile, Station Wagon",Turning Left,Improper Turn,Normal,,,,Yes,Yes,,,,Yes,Yes,Yes,,,,76,Bay Street Corridor (76)
4928,2008,2008-10-29T04:00:00,1836,18,BAY ST,DUNDAS ST W,,Major Arterial,Toronto and East York,,52,43.655745,-79.38379,Intersection,At Intersection,Traffic Signal,Clear,Dark,Dry,Non-Fatal Injury,Pedestrian Collisions,Passenger,20 to 24,None,,,Other,,,,,,,Yes,Yes,,,,Yes,Yes,Yes,,,,76,Bay Street Corridor (76)
4929,2008,2008-10-29T04:00:00,1836,18,BAY ST,DUNDAS ST W,,Major Arterial,Toronto and East York,,52,43.655745,-79.38379,Intersection,At Intersection,Traffic Signal,Clear,Dark,Dry,Non-Fatal Injury,Pedestrian Collisions,Driver,20 to 24,None,,South,"Automobile, Station Wagon",Changing Lanes,Lost control,Unknown,,,,Yes,Yes,,,,Yes,Yes,Yes,,,,76,Bay Street Corridor (76)
4930,2008,2008-10-29T04:00:00,1836,18,BAY ST,DUNDAS ST W,,Major Arterial,Toronto and East York,,52,43.655745,-79.38379,Intersection,At Intersection,Traffic Signal,Clear,Dark,Dry,Non-Fatal Injury,Pedestrian Collisions,Pedestrian,20 to 24,Major,,,Other,,,,Pedestrian hit on sidewalk or shoulder,On Sidewalk or Shoulder,Normal,Yes,Yes,,,,Yes,Yes,Yes,,,,76,Bay Street Corridor (76)
10909,2014,2014-02-19T05:00:00,1836,18,GRENOBLE DR,GATEWAY BLVD,,Minor Arterial,North York,16,54,43.714915,-79.334186,Intersection,Intersection Related,Traffic Signal,Clear,"Dark, artificial",Dry,Non-Fatal Injury,Pedestrian Collisions,Driver,unknown,None,,South,"Automobile, Station Wagon",Turning Right,Failed to Yield Right of Way,Inattentive,,,,Yes,Yes,,,,,,Yes,,,,44,Flemingdon Park (44)
10910,2014,2014-02-19T05:00:00,1836,18,GRENOBLE DR,GATEWAY BLVD,,Minor Arterial,North York,16,54,43.714915,-79.334186,Intersection,Intersection Related,Traffic Signal,Clear,"Dark, artificial",Dry,Non-Fatal Injury,Pedestrian Collisions,Pedestrian,60 to 64,Major,,South,,,,,Vehicle turns right while ped crosses with ROW at inter.,Crossing with right of way,Normal,Yes,Yes,,,,,,Yes,,,,44,Flemingdon Park (44)
13516,2016,2016-12-06T05:00:00,1836,18,DUFFERIN ST,KING ST W,,Major Arterial,Toronto and East York,,14,43.638888,-79.427333,Intersection,At Intersection,Traffic Signal,Rain,"Dark, artificial",Wet,Non-Fatal Injury,Pedestrian Collisions,Driver,20 to 24,None,,South,"Automobile, Station Wagon",Turning Left,Driving Properly,Normal,,,,Yes,Yes,,,,,,,,,,85,South Parkdale (85)
13517,2016,2016-12-06T05:00:00,1836,18,DUFFERIN ST,KING ST W,,Major Arterial,Toronto and East York,,14,43.638888,-79.427333,Intersection,At Intersection,Traffic Signal,Rain,"Dark, artificial",Wet,Non-Fatal Injury,Pedestrian Collisions,Pedestrian,80 to 84,Major,,South,,,,,Vehicle turns left while ped crosses without ROW at inter.,Crossing without right of way,Inattentive,Yes,Yes,,,,,,,,,,85,South Parkdale (85)
15014,2019,2019-01-11T05:00:00,1836,18,ELLESMERE RD,MILITARY TRAIL,,Major Arterial,Scarborough,24,43,43.77975,-79.217113,Intersection,At Intersection,Traffic Signal,Clear,"Dark, artificial",Dry,Non-Fatal Injury,Pedestrian Collisions,Driver,50 to 54,None,,East,"Automobile, Station Wagon",Going Ahead,Driving Properly,Normal,,,,Yes,Yes,,,,,,,,,,135,Morningside (135)
15119,2019,2019-01-11T05:00:00,1836,18,ELLESMERE RD,MILITARY TRAIL,,Major Arterial,Scarborough,24,43,43.77975,-79.217113,Intersection,At Intersection,Traffic Signal,Clear,"Dark, artificial",Dry,Non-Fatal Injury,Pedestrian Collisions,Pedestrian,20 to 24,Major,,,,,,,,,Inattentive,Yes,Yes,,,,,,,,,,135,Morningside (135)
10399,2013,2013-12-19T05:00:00,1837,18,90 PARK LAWN RD,,,Major Arterial,Etobicoke York,3,22,43.623965,-79.483676,Mid-Block,Non Intersection,No Control,Clear,"Dark, artificial",Dry,Non-Fatal Injury,Pedestrian Collisions,Driver,20 to 24,None,,South,"Automobile, Station Wagon",Going Ahead,Driving Properly,Normal,,,,Yes,Yes,,,,,,,,,,17,Mimico (includes Humber Bay Shores) (17)
10400,2013,2013-12-19T05:00:00,1837,18,90 PARK LAWN RD,,,Major Arterial,Etobicoke York,3,22,43.623965,-79.483676,Mid-Block,Non Intersection,No Control,Clear,"Dark, artificial",Dry,Non-Fatal Injury,Pedestrian Collisions,Pedestrian,40 to 44,Major,,East,,,,,Pedestrian hit at mid-block,"Crossing, no Traffic Control",Normal,Yes,Yes,,,,,,,,,,17,Mimico (includes Humber Bay Shores) (17)
13518,2016,2016-12-06T05:00:00,1837,18,Queen St E,Dalhousie St,15 m East of,Major Arterial,Toronto and East York,13,51,43.653231,-79.375102,Mid-Block,Non Intersection,No Control,Rain,"Dark, artificial",Wet,Non-Fatal Injury,Pedestrian Collisions,Driver,35 to 39,None,,East,"Automobile, Station Wagon",Going Ahead,Driving Properly,Normal,,,,Yes,Yes,,,,,,,,,,75,Church-Yonge Corridor (75)
13519,2016,2016-12-06T05:00:00,1837,18,Queen St E,Dalhousie St,15 m East of,Major Arterial,Toronto and East York,13,51,43.653231,-79.375102,Mid-Block,Non Intersection,No Control,Rain,"Dark, artificial",Wet,Non-Fatal Injury,Pedestrian Collisions,Pedestrian,75 to 79,Minor,,South,,,,,Pedestrian hit at mid-block,"Crossing, no Traffic Control",Normal,Yes,Yes,,,,,,,,,,75,Church-Yonge Corridor (75)
13520,2016,2016-12-06T05:00:00,1837,18,Queen St E,Dalhousie St,15 m East of,Major Arterial,Toronto and East York,13,51,43.653231,-79.375102,Mid-Block,Non Intersection,No Control,Rain,"Dark, artificial",Wet,Non-Fatal Injury,Pedestrian Collisions,Pedestrian,70 to 74,Major,,South,,,,,Pedestrian hit at mid-block,"Crossing, no Traffic Control",Normal,Yes,Yes,,,,,,,,,,75,Church-Yonge Corridor (75)
15582,2018,2018-11-19T05:00:00,1837,18,ST CLAIR AV W,WINONA DR              (133),,Major Arterial,Toronto and East York,,13,43.680274,-79.432483,Intersection,Intersection Related,Traffic Controller,Clear,"Dark, artificial",Dry,Non-Fatal Injury,Pedestrian Collisions,Driver,65 to 69,None,,East,"Automobile, Station Wagon",Going Ahead,Driving Properly,Normal,,,,Yes,Yes,,,,,,,,,,94,Wychwood (94)
15583,2018,2018-11-19T05:00:00,1837,18,ST CLAIR AV W,WINONA DR              (133),,Major Arterial,Toronto and East York,,13,43.680274,-79.432483,Intersection,Intersection Related,Traffic Controller,Clear,"Dark, artificial",Dry,Non-Fatal Injury,Pedestrian Collisions,Pedestrian,45 to 49,Major,,,,,,,,,Normal,Yes,Yes,,,,,,,,,,94,Wychwood (94)
14777,2018,2018-02-21T05:00:00,1838,18,37 WILLIAM KITCHEN RD,,,Collector,Scarborough,21,41,43.773322,-79.282741,Mid-Block,Non Intersection,No Control,Clear,"Dark, artificial",Dry,Fatal,Pedestrian Collisions,Pedestrian,40 to 44,Fatal,12,North,,,,,Pedestrian hit at mid-block,"Crossing, no Traffic Control",Inattentive,Yes,,Yes,,,,,,,,,126,Dorset Park (126)
14778,2018,2018-02-21T05:00:00,1838,18,37 WILLIAM KITCHEN RD,,,Collector,Scarborough,21,41,43.773322,-79.282741,Mid-Block,Non Intersection,No Control,Clear,"Dark, artificial",Dry,Fatal,Pedestrian Collisions,Truck Driver,30 to 34,None,,East,Truck-Tractor,Going Ahead,Driving Properly,Normal,,,,Yes,,Yes,,,,,,,,,126,Dorset Park (126)
15727,2019,2019-01-08T05:00:00,1838,18,O CONNOR DR,ST CLAIR AVE E,190 metre north of,Major Arterial,Toronto and East York,19,54,43.70674,-79.311771,Mid-Block,Non Intersection,No Control,Rain,"Dark, artificial",Wet,Fatal,Pedestrian Collisions,Pedestrian,65 to 69,Fatal,4,West,,,,,Pedestrian hit at mid-block,"Crossing, no Traffic Control",Inattentive,Yes,Yes,,,,,,,,,,54,O'Connor-Parkview (54)
15728,2019,2019-01-08T05:00:00,1838,18,O CONNOR DR,ST CLAIR AVE E,190 metre north of,Major Arterial,Toronto and East York,19,54,43.70674,-79.311771,Mid-Block,Non Intersection,No Control,Rain,"Dark, artificial",Wet,Fatal,Pedestrian Collisions,Driver,55 to 59,None,,South,Delivery Van,Going Ahead,Driving Properly,Normal,,,,Yes,Yes,,,,,,,,,,54,O'Connor-Parkview (54)
251,2006,2006-02-20T05:00:00,1840,18,NEILSON RD,MCLEVIN AVE,,Minor Arterial,Scarborough,,42,43.808145,-79.21999,Mid-Block,,No Control,Clear,Dusk,Dry,Fatal,Pedestrian Collisions,Vehicle Owner,unknown,,,,Other,,,,,,,Yes,Yes,,,,,,,,,,132,Malvern (132)
252,2006,2006-02-20T05:00:00,1840,18,NEILSON RD,MCLEVIN AVE,,Minor Arterial,Scarborough,,42,43.808145,-79.21999,Mid-Block,,No Control,Clear,Dusk,Dry,Fatal,Pedestrian Collisions,Driver,40 to 44,None,,North,"Automobile, Station Wagon",Going Ahead,Driving Properly,Inattentive,,,,Yes,Yes,,,,,,,,,,132,Malvern (132)
253,2006,2006-02-20T05:00:00,1840,18,NEILSON RD,MCLEVIN AVE,,Minor Arterial,Scarborough,,42,43.808145,-79.21999,Mid-Block,,No Control,Clear,Dusk,Dry,Fatal,Pedestrian Collisions,Pedestrian,80 to 84,Fatal,,West,Other,,,,Pedestrian hit at mid-block,"Crossing, no Traffic Control",Normal,Yes,Yes,,,,,,,,,,132,Malvern (132)
362,2006,2006-05-23T04:00:00,1840,18,BATHURST ST,GLENCAIRN AVE,,Major Arterial,North York,8,53,43.712345,-79.42809,Intersection,At Intersection,Traffic Signal,Clear,Daylight,Dry,Fatal,Pedestrian Collisions,Driver,40 to 44,None,,West,"Automobile, Station Wagon",Turning Right,Failed to Yield Right of Way,Normal,,,,Yes,Yes,,,,,,Yes,,,,39,Bedford Park-Nortown (39)
363,2006,2006-05-23T04:00:00,1840,18,BATHURST ST,GLENCAIRN AVE,,Major Arterial,North York,8,53,43.712345,-79.42809,Intersection,At Intersection,Traffic Signal,Clear,Daylight,Dry,Fatal,Pedestrian Collisions,Pedestrian,40 to 44,Fatal,,West,Other,,,,Vehicle turns right while ped crosses with ROW at inter.,Crossing with right of way,Normal,Yes,Yes,,,,,,Yes,,,,39,Bedford Park-Nortown (39)
2464,2008,2008-01-11T05:00:00,1840,18,MALVERN ST,MAMMOTH HALL TRL,,Collector,Scarborough,23,42,43.796745,-79.23579,Intersection,At Intersection,Stop Sign,Clear,Dark,Dry,Non-Fatal Injury,Pedestrian Collisions,Vehicle Owner,unknown,,,,Other,,,,,,,Yes,Yes,,,,,,Yes,,,,132,Malvern (132)
2465,2008,2008-01-11T05:00:00,1840,18,MALVERN ST,MAMMOTH HALL TRL,,Collector,Scarborough,23,42,43.796745,-79.23579,Intersection,At Intersection,Stop Sign,Clear,Dark,Dry,Non-Fatal Injury,Pedestrian Collisions,Driver,35 to 39,None,,South,"Automobile, Station Wagon",Going Ahead,Disobeyed Traffic Control,Inattentive,,,,Yes,Yes,,,,,,Yes,,,,132,Malvern (132)
2466,2008,2008-01-11T05:00:00,1840,18,MALVERN ST,MAMMOTH HALL TRL,,Collector,Scarborough,23,42,43.796745,-79.23579,Intersection,At Intersection,Stop Sign,Clear,Dark,Dry,Non-Fatal Injury,Pedestrian Collisions,Pedestrian,60 to 64,Major,,East,Other,,,,Vehicle is going straight thru inter.while ped cross with ROW,Crossing with right of way,Normal,Yes,Yes,,,,,,Yes,,,,132,Malvern (132)
6326,2011,2011-02-23T05:00:00,1840,18,BLOOR ST W,RESURRECTION RD,,Major Arterial,Etobicoke York,3,22,43.643045,-79.53079,Intersection,,Traffic Signal,Clear,Dark,Dry,Non-Fatal Injury,Pedestrian Collisions,Vehicle Owner,unknown,,,,Other,,,,,,,Yes,Yes,,,,,,,,,,14,Islington-City Centre West (14)
6327,2011,2011-02-23T05:00:00,1840,18,BLOOR ST W,RESURRECTION RD,,Major Arterial,Etobicoke York,3,22,43.643045,-79.53079,Intersection,,Traffic Signal,Clear,Dark,Dry,Non-Fatal Injury,Pedestrian Collisions,Driver,45 to 49,None,,East,"Automobile, Station Wagon",Going Ahead,Driving Properly,Normal,,,,Yes,Yes,,,,,,,,,,14,Islington-City Centre West (14)
6328,2011,2011-02-23T05:00:00,1840,18,BLOOR ST W,RESURRECTION RD,,Major Arterial,Etobicoke York,3,22,43.643045,-79.53079,Intersection,,Traffic Signal,Clear,Dark,Dry,Non-Fatal Injury,Pedestrian Collisions,Pedestrian,65 to 69,Major,,South,Other,,,,Vehicle is going straight thru inter.while ped cross without ROW,Crossing without right of way,Unknown,Yes,Yes,,,,,,,,,,14,Islington-City Centre West (14)
8458,2012,2012-06-29T04:00:00,1840,18,BLOOR ST W,DURIE ST,,Major Arterial,Toronto and East York,4,11,43.650745,-79.47819,Intersection,At Intersection,Stop Sign,Clear,Daylight,Dry,Non-Fatal Injury,Pedestrian Collisions,Driver,45 to 49,None,,North,"Automobile, Station Wagon",Going Ahead,Failed to Yield Right of Way,Normal,,,,Yes,Yes,,,,,,Yes,,,,89,Runnymede-Bloor West Village (89)
8459,2012,2012-06-29T04:00:00,1840,18,BLOOR ST W,DURIE ST,,Major Arterial,Toronto and East York,4,11,43.650745,-79.47819,Intersection,At Intersection,Stop Sign,Clear,Daylight,Dry,Non-Fatal Injury,Pedestrian Collisions,Pedestrian,30 to 34,Major,,East,Other,,,,Vehicle is going straight thru inter.while ped cross with ROW,Crossing with right of way,Normal,Yes,Yes,,,,,,Yes,,,,89,Runnymede-Bloor West Village (89)
9098,2013,2013-08-23T04:00:00,1840,18,QUEEN ST W,WILSON PARK RD,,Major Arterial,Toronto and East York,4,11,43.639426,-79.442485,Intersection,,No Control,Clear,Daylight,Dry,Fatal,Pedestrian Collisions,Driver,70 to 74,None,,West,"Automobile, Station Wagon",Going Ahead,Driving Properly,Normal,,,,Yes,Yes,,,,,,,,,,86,Roncesvalles (86)
9099,2013,2013-08-23T04:00:00,1840,18,QUEEN ST W,WILSON PARK RD,,Major Arterial,Toronto and East York,4,11,43.639426,-79.442485,Intersection,,No Control,Clear,Daylight,Dry,Fatal,Pedestrian Collisions,Pedestrian,70 to 74,Fatal,34,South,,,,,Vehicle is going straight thru inter.while ped cross without ROW,"Crossing, no Traffic Control",Unknown,Yes,Yes,,,,,,,,,,86,Roncesvalles (86)