_id,YEAR,DATE,TIME,HOUR,STREET1,STREET2,OFFSET,ROAD_CLASS,District,WardNum,Division,LATITUDE,LONGITUDE,LOCCOORD,ACCLOC,TRAFFCTL,VISIBILITY,LIGHT,RDSFCOND,ACCLASS,IMPACTYPE,INVTYPE,INVAGE,INJURY,FATAL_NO,INITDIR,VEHTYPE,MANOEUVER,DRIVACT,DRIVCOND,PEDTYPE,PEDACT,PEDCOND,PEDESTRIAN,AUTOMOBILE,TRUCK,TRSN_CITY_VEH,EMERG_VEH,PASSENGER,SPEEDING,AG_DRIV,REDLIGHT,ALCOHOL,DISABILITY,Hood_ID,Neighbourhood
15073,2019,2019-06-27T04:00:00,1850,18,LAKE SHORE BLVD W,TENTH ST,6 m West of,Major Arterial,Etobicoke York,3,22,43.600013,-79.50861,Intersection,Intersection Related,Traffic Signal,Clear,Daylight,Dry,Non-Fatal Injury,Pedestrian Collisions,Driver,40 to 44,None,,North,Pick Up Truck,Turning Left,Failed to Yield Right of Way,Inattentive,,,,Yes,Yes,,,,,,Yes,,,,18,New Toronto (18)
15074,2019,2019-06-27T04:00:00,1850,18,LAKE SHORE BLVD W,TENTH ST,6 m West of,Major Arterial,Etobicoke York,3,22,43.600013,-79.50861,Intersection,Intersection Related,Traffic Signal,Clear,Daylight,Dry,Non-Fatal Injury,Pedestrian Collisions,Pedestrian,80 to 84,Major,,,,,,,,,Normal,Yes,Yes,,,,,,Yes,,,,18,New Toronto (18)
15545,2018,2018-11-07T05:00:00,1850,18,MIDDLEFIELD RD,ARBOR LOW  GT,20 m North of,Minor Arterial,Scarborough,23,42,43.811759,-79.258502,Intersection,Intersection Related,No Control,Clear,"Dark, artificial",Dry,Non-Fatal Injury,Pedestrian Collisions,Driver,80 to 84,None,,North,"Automobile, Station Wagon",Going Ahead,Driving Properly,Normal,,,,Yes,Yes,,,,,,,,,,130,Milliken (130)
15546,2018,2018-11-07T05:00:00,1850,18,MIDDLEFIELD RD,ARBOR LOW  GT,20 m North of,Minor Arterial,Scarborough,23,42,43.811759,-79.258502,Intersection,Intersection Related,No Control,Clear,"Dark, artificial",Dry,Non-Fatal Injury,Pedestrian Collisions,Pedestrian,65 to 69,Major,,East,,,,,Pedestrian hit at mid-block,"Crossing, no Traffic Control",Inattentive,Yes,Yes,,,,,,,,,,130,Milliken (130)
2772,2007,2007-09-13T04:00:00,1851,18,PEARSON AVE,RONCESVALLES AVE,,Minor Arterial,Toronto and East York,4,11,43.641945,-79.44729,Intersection,At Intersection,No Control,Clear,Daylight,Dry,Non-Fatal Injury,Pedestrian Collisions,Driver,40 to 44,None,,South,"Automobile, Station Wagon",Turning Left,Failed to Yield Right of Way,Inattentive,,,,Yes,Yes,,,,,,Yes,,,,86,Roncesvalles (86)
2773,2007,2007-09-13T04:00:00,1851,18,PEARSON AVE,RONCESVALLES AVE,,Minor Arterial,Toronto and East York,4,11,43.641945,-79.44729,Intersection,At Intersection,No Control,Clear,Daylight,Dry,Non-Fatal Injury,Pedestrian Collisions,Pedestrian,65 to 69,Major,,South,Other,,,,Vehicle turns left while ped crosses with ROW at inter.,Crossing with right of way,Normal,Yes,Yes,,,,,,Yes,,,,86,Roncesvalles (86)
7346,2011,2011-11-22T05:00:00,1851,18,BATHURST Stre,DUNDAS Stre W,,Major Arterial,Toronto and East York,,14,43.652345,-79.40599,Intersection,,Traffic Signal,Rain,Dark,Wet,Non-Fatal Injury,Pedestrian Collisions,Driver,50 to 54,None,,South,"Automobile, Station Wagon",Going Ahead,,,,,,Yes,Yes,,,,,,,,,,78,Kensington-Chinatown (78)
7347,2011,2011-11-22T05:00:00,1851,18,BATHURST Stre,DUNDAS Stre W,,Major Arterial,Toronto and East York,,14,43.652345,-79.40599,Intersection,,Traffic Signal,Rain,Dark,Wet,Non-Fatal Injury,Pedestrian Collisions,Pedestrian,unknown,Major,,,Other,Other,,,,,,Yes,Yes,,,,,,,,,,78,Kensington-Chinatown (78)
2704,2007,2007-11-05T05:00:00,1852,18,COXWELL AVE,EASTWOOD RD,,Minor Arterial,Toronto and East York,,55,43.672945,-79.31929,Intersection,At Intersection,Traffic Signal,Rain,Dark,Wet,Non-Fatal Injury,Pedestrian Collisions,Driver,45 to 49,None,,East,"Automobile, Station Wagon",Turning Left,Failed to Yield Right of Way,Normal,,,,Yes,Yes,,,,,,Yes,,,,64,Woodbine Corridor (64)
2705,2007,2007-11-05T05:00:00,1852,18,COXWELL AVE,EASTWOOD RD,,Minor Arterial,Toronto and East York,,55,43.672945,-79.31929,Intersection,At Intersection,Traffic Signal,Rain,Dark,Wet,Non-Fatal Injury,Pedestrian Collisions,Pedestrian,70 to 74,Major,,East,Other,,,,Vehicle turns left while ped crosses with ROW at inter.,Crossing with right of way,Normal,Yes,Yes,,,,,,Yes,,,,64,Woodbine Corridor (64)
12197,2015,2015-10-31T04:00:00,1852,18,BATHURST ST,BROOKE AVE,6 m South of,Major Arterial,North York,8,32,43.730368,-79.432338,Intersection,Intersection Related,Stop Sign,Clear,"Dusk, artificial",Dry,Non-Fatal Injury,Pedestrian Collisions,Driver,40 to 44,None,,West,"Automobile, Station Wagon",Turning Left,Failed to Yield Right of Way,Normal,,,,Yes,Yes,,,,Yes,,Yes,,,,39,Bedford Park-Nortown (39)
12198,2015,2015-10-31T04:00:00,1852,18,BATHURST ST,BROOKE AVE,6 m South of,Major Arterial,North York,8,32,43.730368,-79.432338,Intersection,Intersection Related,Stop Sign,Clear,"Dusk, artificial",Dry,Non-Fatal Injury,Pedestrian Collisions,Pedestrian,65 to 69,Major,,Unknown,,,,,Vehicle turns left while ped crosses without ROW at inter.,"Crossing, no Traffic Control",Normal,Yes,Yes,,,,Yes,,Yes,,,,39,Bedford Park-Nortown (39)
12199,2015,2015-10-31T04:00:00,1852,18,BATHURST ST,BROOKE AVE,6 m South of,Major Arterial,North York,8,32,43.730368,-79.432338,Intersection,Intersection Related,Stop Sign,Clear,"Dusk, artificial",Dry,Non-Fatal Injury,Pedestrian Collisions,Passenger,40 to 44,None,,,,,,,,,,Yes,Yes,,,,Yes,,Yes,,,,39,Bedford Park-Nortown (39)
12200,2015,2015-10-31T04:00:00,1852,18,BATHURST ST,BROOKE AVE,6 m South of,Major Arterial,North York,8,32,43.730368,-79.432338,Intersection,Intersection Related,Stop Sign,Clear,"Dusk, artificial",Dry,Non-Fatal Injury,Pedestrian Collisions,Passenger,5 to 9,None,,,,,,,,,,Yes,Yes,,,,Yes,,Yes,,,,39,Bedford Park-Nortown (39)
12201,2015,2015-10-31T04:00:00,1852,18,BATHURST ST,BROOKE AVE,6 m South of,Major Arterial,North York,8,32,43.730368,-79.432338,Intersection,Intersection Related,Stop Sign,Clear,"Dusk, artificial",Dry,Non-Fatal Injury,Pedestrian Collisions,Passenger,5 to 9,None,,,,,,,,,,Yes,Yes,,,,Yes,,Yes,,,,39,Bedford Park-Nortown (39)
12202,2015,2015-10-31T04:00:00,1852,18,BATHURST ST,BROOKE AVE,6 m South of,Major Arterial,North York,8,32,43.730368,-79.432338,Intersection,Intersection Related,Stop Sign,Clear,"Dusk, artificial",Dry,Non-Fatal Injury,Pedestrian Collisions,Passenger,0 to 4,None,,,,,,,,,,Yes,Yes,,,,Yes,,Yes,,,,39,Bedford Park-Nortown (39)
2746,2007,2007-11-09T05:00:00,1853,18,SANDHURST CRCL,FINCH AVE E,,Collector,Scarborough,23,42,43.809245,-79.27119,Mid-Block,,Pedestrian Crossover,Rain,Dark,Wet,Non-Fatal Injury,Pedestrian Collisions,Driver,20 to 24,None,,South,"Automobile, Station Wagon",Going Ahead,Failed to Yield Right of Way,Normal,,,,Yes,Yes,,,,Yes,,Yes,,,,129,Agincourt North (129)
2747,2007,2007-11-09T05:00:00,1853,18,SANDHURST CRCL,FINCH AVE E,,Collector,Scarborough,23,42,43.809245,-79.27119,Mid-Block,,Pedestrian Crossover,Rain,Dark,Wet,Non-Fatal Injury,Pedestrian Collisions,Passenger,30 to 34,None,,,Other,,,,,,,Yes,Yes,,,,Yes,,Yes,,,,129,Agincourt North (129)
2748,2007,2007-11-09T05:00:00,1853,18,SANDHURST CRCL,FINCH AVE E,,Collector,Scarborough,23,42,43.809245,-79.27119,Mid-Block,,Pedestrian Crossover,Rain,Dark,Wet,Non-Fatal Injury,Pedestrian Collisions,Vehicle Owner,unknown,,,,Other,,,,,,,Yes,Yes,,,,Yes,,Yes,,,,129,Agincourt North (129)
2750,2007,2007-11-09T05:00:00,1853,18,SANDHURST CRCL,FINCH AVE E,,Collector,Scarborough,23,42,43.809245,-79.27119,Mid-Block,,Pedestrian Crossover,Rain,Dark,Wet,Non-Fatal Injury,Pedestrian Collisions,Pedestrian,15 to 19,Minimal,,West,Other,,,,Pedestrian hit a PXO/ped. Mid-block signal,"Crossing, Pedestrian Crossover",Normal,Yes,Yes,,,,Yes,,Yes,,,,129,Agincourt North (129)
2751,2007,2007-11-09T05:00:00,1853,18,SANDHURST CRCL,FINCH AVE E,,Collector,Scarborough,23,42,43.809245,-79.27119,Mid-Block,,Pedestrian Crossover,Rain,Dark,Wet,Non-Fatal Injury,Pedestrian Collisions,Pedestrian,40 to 44,Major,,West,Other,,,,Pedestrian hit a PXO/ped. Mid-block signal,"Crossing, Pedestrian Crossover",Normal,Yes,Yes,,,,Yes,,Yes,,,,129,Agincourt North (129)
6756,2010,2010-11-17T05:00:00,1853,18,FINCH Ave W,VIRGILWOOD Dr,,Major Arterial,North York,6,32,43.772845,-79.44819,Intersection,At Intersection,Traffic Signal,Clear,Daylight,Dry,Non-Fatal Injury,Pedestrian Collisions,Passenger,10 to 14,None,,,Other,,,,,,,Yes,Yes,,,,Yes,,,,,,35,Westminster-Branson (35)
6758,2010,2010-11-17T05:00:00,1853,18,FINCH Ave W,VIRGILWOOD Dr,,Major Arterial,North York,6,32,43.772845,-79.44819,Intersection,At Intersection,Traffic Signal,Clear,Daylight,Dry,Non-Fatal Injury,Pedestrian Collisions,Driver,75 to 79,None,,East,"Automobile, Station Wagon",Going Ahead,Driving Properly,Normal,,,,Yes,Yes,,,,Yes,,,,,,35,Westminster-Branson (35)
6841,2010,2010-11-17T05:00:00,1853,18,FINCH Ave W,VIRGILWOOD Dr,,Major Arterial,North York,6,32,43.772845,-79.44819,Intersection,At Intersection,Traffic Signal,Clear,Daylight,Dry,Non-Fatal Injury,Pedestrian Collisions,Pedestrian,20 to 24,Major,,North,Other,,,,Vehicle is going straight thru inter.while ped cross without ROW,Crossing without right of way,Inattentive,Yes,Yes,,,,Yes,,,,,,35,Westminster-Branson (35)
12064,2016,2016-08-19T04:00:00,1853,18,KIPLING AVE,DIXON RD,,Major Arterial,Etobicoke York,,23,43.694178,-79.558605,Intersection,At Intersection,Traffic Signal,Clear,Daylight,Dry,Non-Fatal Injury,Pedestrian Collisions,Driver,40 to 44,None,,North,"Automobile, Station Wagon",Going Ahead,Driving Properly,Normal,,,,Yes,Yes,,,,,,,,,,6,Kingsview Village-The Westway (6)
12067,2016,2016-08-19T04:00:00,1853,18,KIPLING AVE,DIXON RD,,Major Arterial,Etobicoke York,,23,43.694178,-79.558605,Intersection,At Intersection,Traffic Signal,Clear,Daylight,Dry,Non-Fatal Injury,Pedestrian Collisions,Pedestrian,30 to 34,Major,,West,,,,,Vehicle is going straight thru inter.while ped cross without ROW,Crossing without right of way,Inattentive,Yes,Yes,,,,,,,,,,6,Kingsview Village-The Westway (6)
14986,2019,2019-01-09T05:00:00,1853,18,3825 SHEPPARD AV E,ALANFORD RD,99 m East of,Major Arterial,Scarborough,22,42,43.782283,-79.292384,Mid-Block,Non Intersection,PXO - No Ped,Clear,"Dark, artificial",Dry,Non-Fatal Injury,Pedestrian Collisions,Pedestrian,85 to 89,Major,,,,,,,,,Normal,Yes,Yes,,,,,Yes,Yes,,,,118,Tam O'Shanter-Sullivan (118)
15005,2019,2019-01-09T05:00:00,1853,18,3825 SHEPPARD AV E,ALANFORD RD,99 m East of,Major Arterial,Scarborough,22,42,43.782283,-79.292384,Mid-Block,Non Intersection,PXO - No Ped,Clear,"Dark, artificial",Dry,Non-Fatal Injury,Pedestrian Collisions,Driver,unknown,None,,East,"Automobile, Station Wagon",Going Ahead,Other,Unknown,,,,Yes,Yes,,,,,Yes,Yes,,,,118,Tam O'Shanter-Sullivan (118)
15712,2018,2018-12-26T05:00:00,1853,18,4968 DUNDAS ST W,,,Major Arterial,Etobicoke York,3,22,43.647521,-79.529773,Mid-Block,Non Intersection,No Control,Clear,"Dark, artificial",Dry,Fatal,Pedestrian Collisions,Driver,40 to 44,None,,West,"Automobile, Station Wagon",Changing Lanes,Other,Had Been Drinking,,,,Yes,Yes,,,,,,,,,,14,Islington-City Centre West (14)
15713,2018,2018-12-26T05:00:00,1853,18,4968 DUNDAS ST W,,,Major Arterial,Etobicoke York,3,22,43.647521,-79.529773,Mid-Block,Non Intersection,No Control,Clear,"Dark, artificial",Dry,Fatal,Pedestrian Collisions,Pedestrian,75 to 79,Fatal,66,North,,,,,Pedestrian hit at mid-block,"Crossing, no Traffic Control",Normal,Yes,Yes,,,,,,,,,,14,Islington-City Centre West (14)
4278,2008,2008-11-28T05:00:00,1854,18,BLOOR ST E,PARLIAMENT ST,,Major Arterial,Toronto and East York,13,53,43.672045,-79.37069,Intersection,At Intersection,Yield Sign,Rain,Dark,Wet,Non-Fatal Injury,Pedestrian Collisions,Driver,60 to 64,None,,East,"Automobile, Station Wagon",Turning Right,Failed to Yield Right of Way,"Ability Impaired, Alcohol",,,,Yes,Yes,,,,,,Yes,,Yes,,71,Cabbagetown-South St.James Town (71)
4279,2008,2008-11-28T05:00:00,1854,18,BLOOR ST E,PARLIAMENT ST,,Major Arterial,Toronto and East York,13,53,43.672045,-79.37069,Intersection,At Intersection,Yield Sign,Rain,Dark,Wet,Non-Fatal Injury,Pedestrian Collisions,Pedestrian,50 to 54,Major,,South,Other,,,,Vehicle turns right while ped crosses with ROW at inter.,Crossing with right of way,Normal,Yes,Yes,,,,,,Yes,,Yes,,71,Cabbagetown-South St.James Town (71)
11353,2015,2015-06-02T04:00:00,1854,18,SPENVALLEY DR,ARLETA AVE,,Collector,Etobicoke York,7,31,43.74364,-79.501498,Intersection,At Intersection,Stop Sign,Clear,Daylight,Dry,Non-Fatal Injury,Pedestrian Collisions,Driver,75 to 79,None,,East,"Automobile, Station Wagon",Turning Left,Failed to Yield Right of Way,Normal,,,,Yes,Yes,,,,,,Yes,,,,25,Glenfield-Jane Heights (25)
11360,2015,2015-06-02T04:00:00,1854,18,SPENVALLEY DR,ARLETA AVE,,Collector,Etobicoke York,7,31,43.74364,-79.501498,Intersection,At Intersection,Stop Sign,Clear,Daylight,Dry,Non-Fatal Injury,Pedestrian Collisions,Pedestrian,75 to 79,Major,,South,,,,,Vehicle turns left while ped crosses with ROW at inter.,Crossing with right of way,Normal,Yes,Yes,,,,,,Yes,,,,25,Glenfield-Jane Heights (25)
1850,2006,2006-12-19T05:00:00,1855,18,WILLOWDALE AVE,BYNG AVE,,Minor Arterial,North York,18,32,43.778545,-79.40579,Intersection,,Traffic Signal,Clear,Dark,Dry,Non-Fatal Injury,Pedestrian Collisions,Driver,40 to 44,None,,West,"Automobile, Station Wagon",Turning Left,Failed to Yield Right of Way,Inattentive,,,,Yes,Yes,,,,,,Yes,,,,51,Willowdale East (51)
1851,2006,2006-12-19T05:00:00,1855,18,WILLOWDALE AVE,BYNG AVE,,Minor Arterial,North York,18,32,43.778545,-79.40579,Intersection,,Traffic Signal,Clear,Dark,Dry,Non-Fatal Injury,Pedestrian Collisions,Pedestrian,45 to 49,Major,,East,Other,,,,Vehicle turns left while ped crosses with ROW at inter.,Crossing with right of way,Normal,Yes,Yes,,,,,,Yes,,,,51,Willowdale East (51)
6897,2010,2010-12-06T05:00:00,1855,18,THE QUEENSWAY,COLBORNE LODGE DR,,Major Arterial,Toronto and East York,4,11,43.639645,-79.45669,Mid-Block,,No Control,Snow,Dark,Dry,Non-Fatal Injury,Pedestrian Collisions,Driver,35 to 39,None,,East,"Automobile, Station Wagon",Going Ahead,Driving Properly,Unknown,,,,Yes,Yes,,,,,,,,,,87,High Park-Swansea (87)
6898,2010,2010-12-06T05:00:00,1855,18,THE QUEENSWAY,COLBORNE LODGE DR,,Major Arterial,Toronto and East York,4,11,43.639645,-79.45669,Mid-Block,,No Control,Snow,Dark,Dry,Non-Fatal Injury,Pedestrian Collisions,Pedestrian,45 to 49,Major,,North,Other,,,,Pedestrian hit at mid-block,"Crossing, no Traffic Control",Had Been Drinking,Yes,Yes,,,,,,,,,,87,High Park-Swansea (87)
7328,2011,2011-11-13T05:00:00,1855,18,JANE ST,WILLIAM CRAGG DR,,Major Arterial,Etobicoke York,,31,43.721945,-79.50889,Mid-Block,At Intersection,No Control,Clear,"Dark, artificial",Dry,Non-Fatal Injury,Pedestrian Collisions,Driver,45 to 49,None,,South,"Automobile, Station Wagon",Going Ahead,Driving Properly,Normal,,,,Yes,Yes,,,,,,,,,,26,Downsview-Roding-CFB (26)
7329,2011,2011-11-13T05:00:00,1855,18,JANE ST,WILLIAM CRAGG DR,,Major Arterial,Etobicoke York,,31,43.721945,-79.50889,Mid-Block,At Intersection,No Control,Clear,"Dark, artificial",Dry,Non-Fatal Injury,Pedestrian Collisions,Pedestrian,45 to 49,Major,,West,Other,,,,Pedestrian hit at mid-block,"Crossing, no Traffic Control",Inattentive,Yes,Yes,,,,,,,,,,26,Downsview-Roding-CFB (26)
8495,2012,2012-07-08T04:00:00,1855,18,SHEPPARD AVE W,WILSON HEIGHTS BLVD,,Major Arterial,North York,6,32,43.751645,-79.45669,Intersection,At Intersection,Traffic Signal,Clear,Daylight,Dry,Fatal,Pedestrian Collisions,Driver,20 to 24,None,,North,"Automobile, Station Wagon",Turning Left,Failed to Yield Right of Way,Normal,,,,Yes,Yes,,,,,,Yes,,,,33,Clanton Park (33)
8496,2012,2012-07-08T04:00:00,1855,18,SHEPPARD AVE W,WILSON HEIGHTS BLVD,,Major Arterial,North York,6,32,43.751645,-79.45669,Intersection,At Intersection,Traffic Signal,Clear,Daylight,Dry,Fatal,Pedestrian Collisions,Pedestrian,25 to 29,Fatal,19,South,Other,,,,Vehicle turns left while ped crosses with ROW at inter.,Crossing with right of way,Unknown,Yes,Yes,,,,,,Yes,,,,33,Clanton Park (33)
9811,2013,2013-03-01T05:00:00,1855,18,MIDLAND AVE,MCNICOLL AVE,,Major Arterial,Scarborough,,42,43.817045,-79.29329,Mid-Block,,No Control,Clear,Dusk,Dry,Non-Fatal Injury,Pedestrian Collisions,Driver,65 to 69,None,,North,"Automobile, Station Wagon",Going Ahead,Driving Properly,Inattentive,,,,Yes,Yes,,,,,,,,,,130,Milliken (130)
9812,2013,2013-03-01T05:00:00,1855,18,MIDLAND AVE,MCNICOLL AVE,,Major Arterial,Scarborough,,42,43.817045,-79.29329,Mid-Block,,No Control,Clear,Dusk,Dry,Non-Fatal Injury,Pedestrian Collisions,Pedestrian,0 to 4,None,,North,Other,,,,Pedestrian hit at mid-block,Walking on Roadway with Traffic,Normal,Yes,Yes,,,,,,,,,,130,Milliken (130)
9813,2013,2013-03-01T05:00:00,1855,18,MIDLAND AVE,MCNICOLL AVE,,Major Arterial,Scarborough,,42,43.817045,-79.29329,Mid-Block,,No Control,Clear,Dusk,Dry,Non-Fatal Injury,Pedestrian Collisions,Pedestrian,50 to 54,None,,North,Other,,,,Pedestrian hit at mid-block,Walking on Roadway with Traffic,Normal,Yes,Yes,,,,,,,,,,130,Milliken (130)
9814,2013,2013-03-01T05:00:00,1855,18,MIDLAND AVE,MCNICOLL AVE,,Major Arterial,Scarborough,,42,43.817045,-79.29329,Mid-Block,,No Control,Clear,Dusk,Dry,Non-Fatal Injury,Pedestrian Collisions,Pedestrian,25 to 29,Major,,North,Other,,,,Pedestrian hit at mid-block,Walking on Roadway with Traffic,Normal,Yes,Yes,,,,,,,,,,130,Milliken (130)
11101,2015,2015-05-26T04:00:00,1855,18,ST CLAIR AVE E,O CONNOR DR,,Major Arterial,Toronto and East York,19,54,43.705386,-79.312824,Intersection,Intersection Related,Traffic Signal,Clear,Daylight,Dry,Non-Fatal Injury,Pedestrian Collisions,Driver,60 to 64,Minimal,,North,"Automobile, Station Wagon",Going Ahead,Disobeyed Traffic Control,Inattentive,,,,Yes,Yes,,,,Yes,,Yes,Yes,,,54,O'Connor-Parkview (54)
11102,2015,2015-05-26T04:00:00,1855,18,ST CLAIR AVE E,O CONNOR DR,,Major Arterial,Toronto and East York,19,54,43.705386,-79.312824,Intersection,Intersection Related,Traffic Signal,Clear,Daylight,Dry,Non-Fatal Injury,Pedestrian Collisions,Pedestrian,40 to 44,Major,,East,,,,,Vehicle is going straight thru inter.while ped cross with ROW,Crossing with right of way,Normal,Yes,Yes,,,,Yes,,Yes,Yes,,,54,O'Connor-Parkview (54)
11103,2015,2015-05-26T04:00:00,1855,18,ST CLAIR AVE E,O CONNOR DR,,Major Arterial,Toronto and East York,19,54,43.705386,-79.312824,Intersection,Intersection Related,Traffic Signal,Clear,Daylight,Dry,Non-Fatal Injury,Pedestrian Collisions,Passenger,25 to 29,None,,,,,,,,,,Yes,Yes,,,,Yes,,Yes,Yes,,,54,O'Connor-Parkview (54)
11462,2015,2015-03-04T05:00:00,1855,18,FINCH AVE E,SENECA HILL DR,,Major Arterial,North York,17,33,43.793559,-79.350398,Intersection,At Intersection,Traffic Signal,Snow,"Dark, artificial",Wet,Non-Fatal Injury,Pedestrian Collisions,Driver,35 to 39,None,,West,"Automobile, Station Wagon",Turning Left,Improper Turn,Unknown,,,,Yes,Yes,,,,Yes,,,,,,47,Don Valley Village (47)
11464,2015,2015-03-04T05:00:00,1855,18,FINCH AVE E,SENECA HILL DR,,Major Arterial,North York,17,33,43.793559,-79.350398,Intersection,At Intersection,Traffic Signal,Snow,"Dark, artificial",Wet,Non-Fatal Injury,Pedestrian Collisions,Driver,45 to 49,Minimal,,East,"Automobile, Station Wagon",Going Ahead,Driving Properly,Normal,,,,Yes,Yes,,,,Yes,,,,,,47,Don Valley Village (47)
11465,2015,2015-03-04T05:00:00,1855,18,FINCH AVE E,SENECA HILL DR,,Major Arterial,North York,17,33,43.793559,-79.350398,Intersection,At Intersection,Traffic Signal,Snow,"Dark, artificial",Wet,Non-Fatal Injury,Pedestrian Collisions,Passenger,20 to 24,Minimal,,,,,,,,,,Yes,Yes,,,,Yes,,,,,,47,Don Valley Village (47)
11466,2015,2015-03-04T05:00:00,1855,18,FINCH AVE E,SENECA HILL DR,,Major Arterial,North York,17,33,43.793559,-79.350398,Intersection,At Intersection,Traffic Signal,Snow,"Dark, artificial",Wet,Non-Fatal Injury,Pedestrian Collisions,Pedestrian,25 to 29,Major,,Unknown,,,,,Pedestrian hit on sidewalk or shoulder,On Sidewalk or Shoulder,Normal,Yes,Yes,,,,Yes,,,,,,47,Don Valley Village (47)
15541,2018,2018-11-05T05:00:00,1855,18,DUFFERIN  ST,WINGOLD  AVE,15 m South of,Major Arterial,North York,8,13,43.703753,-79.452434,Intersection,Intersection Related,No Control,Clear,"Dark, artificial",Wet,Non-Fatal Injury,Pedestrian Collisions,Driver,70 to 74,None,,South,"Automobile, Station Wagon",Going Ahead,Driving Properly,Normal,,,,Yes,Yes,,,,,,,,,,31,Yorkdale-Glen Park (31)
15542,2018,2018-11-05T05:00:00,1855,18,DUFFERIN  ST,WINGOLD  AVE,15 m South of,Major Arterial,North York,8,13,43.703753,-79.452434,Intersection,Intersection Related,No Control,Clear,"Dark, artificial",Wet,Non-Fatal Injury,Pedestrian Collisions,Pedestrian,65 to 69,Major,,West,,,,,Pedestrian hit at mid-block,"Crossing, no Traffic Control",Inattentive,Yes,Yes,,,,,,,,,,31,Yorkdale-Glen Park (31)
15604,2018,2018-11-24T05:00:00,1855,18,KING ST E,SACKVILLE ST,,Major Arterial,Toronto and East York,13,51,43.654338,-79.360309,Intersection,At Intersection,Pedestrian Crossover,Rain,"Dark, artificial",Wet,Non-Fatal Injury,Pedestrian Collisions,Driver,55 to 59,None,,East,"Automobile, Station Wagon",Going Ahead,Disobeyed Traffic Control,Inattentive,,,,Yes,Yes,,,,,,Yes,,,,73,Moss Park (73)
15605,2018,2018-11-24T05:00:00,1855,18,KING ST E,SACKVILLE ST,,Major Arterial,Toronto and East York,13,51,43.654338,-79.360309,Intersection,At Intersection,Pedestrian Crossover,Rain,"Dark, artificial",Wet,Non-Fatal Injury,Pedestrian Collisions,Pedestrian,30 to 34,Major,,South,,,,,Pedestrian hit a PXO/ped. Mid-block signal,"Crossing, Pedestrian Crossover",Normal,Yes,Yes,,,,,,Yes,,,,73,Moss Park (73)
2551,2007,2007-12-05T05:00:00,1856,18,OSSINGTON AVE,CHURCHILL AVE,,Minor Arterial,Toronto and East York,,14,43.652445,-79.42199,Mid-Block,,No Control,Clear,Dark,Dry,Fatal,Pedestrian Collisions,Driver,75 to 79,None,,North,"Automobile, Station Wagon",Going Ahead,Driving Properly,Normal,,,,Yes,Yes,,,,,,,,,,81,Trinity-Bellwoods (81)
2552,2007,2007-12-05T05:00:00,1856,18,OSSINGTON AVE,CHURCHILL AVE,,Minor Arterial,Toronto and East York,,14,43.652445,-79.42199,Mid-Block,,No Control,Clear,Dark,Dry,Fatal,Pedestrian Collisions,Pedestrian,45 to 49,Fatal,,West,Other,,,,Vehicle hits the pedestrian walking or running out from between parked vehicles at mid-block,Coming From Behind Parked Vehicle,Had Been Drinking,Yes,Yes,,,,,,,,,,81,Trinity-Bellwoods (81)
9017,2013,2013-04-10T04:00:00,1856,18,FINCH Ave E,BALDOON Rd,,Minor Arterial,Scarborough,23,42,43.815245,-79.23239,Intersection,At Intersection,Stop Sign,Clear,"Daylight, artificial",Dry,Non-Fatal Injury,Pedestrian Collisions,Driver,40 to 44,None,,North,"Automobile, Station Wagon",Turning Left,Driving Properly,Normal,,,,Yes,Yes,,,,,,,,,,131,Rouge (131)
9019,2013,2013-04-10T04:00:00,1856,18,FINCH Ave E,BALDOON Rd,,Minor Arterial,Scarborough,23,42,43.815245,-79.23239,Intersection,At Intersection,Stop Sign,Clear,"Daylight, artificial",Dry,Non-Fatal Injury,Pedestrian Collisions,Pedestrian,50 to 54,Major,,South,Other,,,,Vehicle turns left while ped crosses without ROW at inter.,Running onto Roadway,Inattentive,Yes,Yes,,,,,,,,,,131,Rouge (131)
7963,2011,2011-06-10T04:00:00,1858,18,BEECROFT Road,NORTH YORK Boul,,Minor Arterial,North York,18,32,43.766345,-79.41539,Intersection,At Intersection,Stop Sign,Clear,Daylight,Dry,Non-Fatal Injury,Pedestrian Collisions,Driver,35 to 39,None,,West,"Automobile, Station Wagon",Turning Left,Improper Turn,Inattentive,,,,Yes,Yes,,,,,,Yes,,,,37,Willowdale West (37)
7964,2011,2011-06-10T04:00:00,1858,18,BEECROFT Road,NORTH YORK Boul,,Minor Arterial,North York,18,32,43.766345,-79.41539,Intersection,At Intersection,Stop Sign,Clear,Daylight,Dry,Non-Fatal Injury,Pedestrian Collisions,Pedestrian,55 to 59,Major,,West,Other,,,,Other / Undefined,"Crossing, no Traffic Control",Inattentive,Yes,Yes,,,,,,Yes,,,,37,Willowdale West (37)
7965,2011,2011-06-10T04:00:00,1858,18,BEECROFT Road,NORTH YORK Boul,,Minor Arterial,North York,18,32,43.766345,-79.41539,Intersection,At Intersection,Stop Sign,Clear,Daylight,Dry,Non-Fatal Injury,Pedestrian Collisions,Driver,85 to 89,Minimal,,North,"Automobile, Station Wagon",Going Ahead,Driving Properly,Normal,,,,Yes,Yes,,,,,,Yes,,,,37,Willowdale West (37)