_id,YEAR,DATE,TIME,HOUR,STREET1,STREET2,OFFSET,ROAD_CLASS,District,WardNum,Division,LATITUDE,LONGITUDE,LOCCOORD,ACCLOC,TRAFFCTL,VISIBILITY,LIGHT,RDSFCOND,ACCLASS,IMPACTYPE,INVTYPE,INVAGE,INJURY,FATAL_NO,INITDIR,VEHTYPE,MANOEUVER,DRIVACT,DRIVCOND,PEDTYPE,PEDACT,PEDCOND,PEDESTRIAN,AUTOMOBILE,TRUCK,TRSN_CITY_VEH,EMERG_VEH,PASSENGER,SPEEDING,AG_DRIV,REDLIGHT,ALCOHOL,DISABILITY,Hood_ID,Neighbourhood
15880,2018,2018-10-19T04:00:00,1904,19,ELLESMERE RD,MIDLAND  AVE,9 m East of,Major Arterial,Scarborough,21,41,43.767852,-79.271076,Intersection,At Intersection,Traffic Signal,Clear,"Dark, artificial",Dry,Non-Fatal Injury,Pedestrian Collisions,Pedestrian,15 to 19,Major,,North,,,,,Vehicle is going straight thru inter.while ped cross without ROW,Crossing without right of way,Inattentive,Yes,Yes,,,,,,,,,,127,Bendale (127)
2412,2007,2007-12-23T05:00:00,1905,19,JARVIS ST,CARLTON ST,,Major Arterial,Toronto and East York,13,51,43.662945,-79.37689,Mid-Block,,No Control,Clear,Dark,Dry,Non-Fatal Injury,Pedestrian Collisions,Driver,15 to 19,None,,North,"Automobile, Station Wagon",Going Ahead,Driving Properly,Normal,,,,Yes,Yes,,,,,,,,,,71,Cabbagetown-South St.James Town (71)
2413,2007,2007-12-23T05:00:00,1905,19,JARVIS ST,CARLTON ST,,Major Arterial,Toronto and East York,13,51,43.662945,-79.37689,Mid-Block,,No Control,Clear,Dark,Dry,Non-Fatal Injury,Pedestrian Collisions,Pedestrian,35 to 39,Major,,East,Other,,,,Pedestrian hit at mid-block,"Crossing, no Traffic Control",Had Been Drinking,Yes,Yes,,,,,,,,,,71,Cabbagetown-South St.James Town (71)
3709,2008,2008-10-16T04:00:00,1905,19,BIRCHMOUNT RD,ALLANFORD RD,,Major Arterial,Scarborough,22,42,43.774245,-79.29509,Intersection,At Intersection,Traffic Signal,Clear,Dark,Dry,Non-Fatal Injury,Pedestrian Collisions,Driver,50 to 54,None,,North,"Automobile, Station Wagon",Turning Left,Failed to Yield Right of Way,Inattentive,,,,Yes,Yes,,,,,,Yes,,,,118,Tam O'Shanter-Sullivan (118)
3710,2008,2008-10-16T04:00:00,1905,19,BIRCHMOUNT RD,ALLANFORD RD,,Major Arterial,Scarborough,22,42,43.774245,-79.29509,Intersection,At Intersection,Traffic Signal,Clear,Dark,Dry,Non-Fatal Injury,Pedestrian Collisions,Pedestrian,45 to 49,Major,,,Other,,,,Vehicle turns left while ped crosses with ROW at inter.,Crossing with right of way,Normal,Yes,Yes,,,,,,Yes,,,,118,Tam O'Shanter-Sullivan (118)
4290,2008,2008-12-03T05:00:00,1905,19,40 CLUNY DR,CRESCENT Road,,Local,Toronto and East York,11,53,43.676945,-79.38629,Mid-Block,,No Control,Clear,Dark,Dry,Non-Fatal Injury,Pedestrian Collisions,Vehicle Owner,unknown,,,,Other,,,,,,,Yes,Yes,,,,,,,,,,98,Rosedale-Moore Park (98)
4291,2008,2008-12-03T05:00:00,1905,19,40 CLUNY DR,CRESCENT Road,,Local,Toronto and East York,11,53,43.676945,-79.38629,Mid-Block,,No Control,Clear,Dark,Dry,Non-Fatal Injury,Pedestrian Collisions,Driver,40 to 44,None,,South,"Automobile, Station Wagon",Going Ahead,Driving Properly,Normal,,,,Yes,Yes,,,,,,,,,,98,Rosedale-Moore Park (98)
4292,2008,2008-12-03T05:00:00,1905,19,40 CLUNY DR,CRESCENT Road,,Local,Toronto and East York,11,53,43.676945,-79.38629,Mid-Block,,No Control,Clear,Dark,Dry,Non-Fatal Injury,Pedestrian Collisions,Pedestrian,55 to 59,Major,,East,Other,,,,Pedestrian hit at mid-block,"Crossing, no Traffic Control",Inattentive,Yes,Yes,,,,,,,,,,98,Rosedale-Moore Park (98)
7518,2011,2011-09-27T04:00:00,1905,19,16 STORMONT AVE,,,Local,North York,8,53,43.719745,-79.42329,Mid-Block,,No Control,Clear,Daylight,Dry,Non-Fatal Injury,Pedestrian Collisions,Driver,55 to 59,None,,East,"Automobile, Station Wagon",Going Ahead,Driving Properly,Normal,,,,Yes,Yes,,,,,,,,,,39,Bedford Park-Nortown (39)
7519,2011,2011-09-27T04:00:00,1905,19,16 STORMONT AVE,,,Local,North York,8,53,43.719745,-79.42329,Mid-Block,,No Control,Clear,Daylight,Dry,Non-Fatal Injury,Pedestrian Collisions,Pedestrian,5 to 9,Major,,Unknown,Other,,,,Pedestrian hit at mid-block,Playing or Working on Highway,Inattentive,Yes,Yes,,,,,,,,,,39,Bedford Park-Nortown (39)
7560,2011,2011-08-23T04:00:00,1905,19,WILLOWDALE AVE,PARKVIEW AVE,,Minor Arterial,North York,18,32,43.773145,-79.40359,Intersection,At Intersection,Stop Sign,Clear,Daylight,Dry,Non-Fatal Injury,Pedestrian Collisions,Vehicle Owner,unknown,,,,Other,,,,,,,Yes,Yes,,,,,,,,,,51,Willowdale East (51)
7561,2011,2011-08-23T04:00:00,1905,19,WILLOWDALE AVE,PARKVIEW AVE,,Minor Arterial,North York,18,32,43.773145,-79.40359,Intersection,At Intersection,Stop Sign,Clear,Daylight,Dry,Non-Fatal Injury,Pedestrian Collisions,Driver,25 to 29,None,,,"Automobile, Station Wagon",Turning Left,,,,,,Yes,Yes,,,,,,,,,,51,Willowdale East (51)
7562,2011,2011-08-23T04:00:00,1905,19,WILLOWDALE AVE,PARKVIEW AVE,,Minor Arterial,North York,18,32,43.773145,-79.40359,Intersection,At Intersection,Stop Sign,Clear,Daylight,Dry,Non-Fatal Injury,Pedestrian Collisions,Pedestrian,unknown,Major,,,Other,Other,,,,,,Yes,Yes,,,,,,,,,,51,Willowdale East (51)
7563,2011,2011-08-23T04:00:00,1905,19,WILLOWDALE AVE,PARKVIEW AVE,,Minor Arterial,North York,18,32,43.773145,-79.40359,Intersection,At Intersection,Stop Sign,Clear,Dusk,Dry,Non-Fatal Injury,Pedestrian Collisions,Vehicle Owner,unknown,,,,Other,,,,,,,Yes,Yes,,,,,,,,,,51,Willowdale East (51)
7564,2011,2011-08-23T04:00:00,1905,19,WILLOWDALE AVE,PARKVIEW AVE,,Minor Arterial,North York,18,32,43.773145,-79.40359,Intersection,At Intersection,Stop Sign,Clear,Dusk,Dry,Non-Fatal Injury,Pedestrian Collisions,Driver,20 to 24,None,,East,"Automobile, Station Wagon",Turning Left,Driving Properly,Normal,,,,Yes,Yes,,,,,,,,,,51,Willowdale East (51)
7565,2011,2011-08-23T04:00:00,1905,19,WILLOWDALE AVE,PARKVIEW AVE,,Minor Arterial,North York,18,32,43.773145,-79.40359,Intersection,At Intersection,Stop Sign,Clear,Dusk,Dry,Non-Fatal Injury,Pedestrian Collisions,Pedestrian,70 to 74,Major,,West,Other,,,,Vehicle turns left while ped crosses without ROW at inter.,"Crossing, no Traffic Control",Normal,Yes,Yes,,,,,,,,,,51,Willowdale East (51)
9322,2013,2013-05-26T04:00:00,1905,19,CENTRE Ave,DUNDAS St W,,Local,Toronto and East York,10,52,43.654545,-79.38699,Mid-Block,,No Control,Clear,"Daylight, artificial",Dry,Non-Fatal Injury,Pedestrian Collisions,Vehicle Owner,unknown,,,,Other,,,,,,,Yes,Yes,,,,,,,,,,76,Bay Street Corridor (76)
9323,2013,2013-05-26T04:00:00,1905,19,CENTRE Ave,DUNDAS St W,,Local,Toronto and East York,10,52,43.654545,-79.38699,Mid-Block,,No Control,Clear,"Daylight, artificial",Dry,Non-Fatal Injury,Pedestrian Collisions,Driver,25 to 29,None,,South,"Automobile, Station Wagon",Reversing,Other,Unknown,,,,Yes,Yes,,,,,,,,,,76,Bay Street Corridor (76)
9324,2013,2013-05-26T04:00:00,1905,19,CENTRE Ave,DUNDAS St W,,Local,Toronto and East York,10,52,43.654545,-79.38699,Mid-Block,,No Control,Clear,"Daylight, artificial",Dry,Non-Fatal Injury,Pedestrian Collisions,Pedestrian,30 to 34,Major,,Unknown,Other,,,,Vehicle is reversing and hits pedestrian,Other,Had Been Drinking,Yes,Yes,,,,,,,,,,76,Bay Street Corridor (76)
520,2006,2006-06-05T04:00:00,1906,19,BLOOR ST W,HAVELOCK ST,,Major Arterial,Toronto and East York,9,14,43.660445,-79.43239,Intersection,At Intersection,Traffic Signal,Clear,Daylight,Dry,Fatal,Pedestrian Collisions,Driver,45 to 49,None,,North,"Automobile, Station Wagon",Turning Left,Failed to Yield Right of Way,Normal,,,,Yes,Yes,,,,,,Yes,,,,83,Dufferin Grove (83)
521,2006,2006-06-05T04:00:00,1906,19,BLOOR ST W,HAVELOCK ST,,Major Arterial,Toronto and East York,9,14,43.660445,-79.43239,Intersection,At Intersection,Traffic Signal,Clear,Daylight,Dry,Fatal,Pedestrian Collisions,Pedestrian,75 to 79,Fatal,,South,Other,,,,Vehicle turns left while ped crosses with ROW at inter.,Crossing with right of way,Had Been Drinking,Yes,Yes,,,,,,Yes,,,,83,Dufferin Grove (83)
1185,2006,2006-11-10T05:00:00,1906,19,ROGERS RD,CHAMBERS AVE,,Minor Arterial,Etobicoke York,,12,43.682345,-79.46549,Intersection,At Intersection,Stop Sign,Clear,Dark,Dry,Non-Fatal Injury,Pedestrian Collisions,Pedestrian,50 to 54,Major,,,Other,,,,Vehicle is going straight thru inter.while ped cross without ROW,Crossing without right of way,Inattentive,Yes,Yes,,,,,,,,,,110,Keelesdale-Eglinton West (110)
1186,2006,2006-11-10T05:00:00,1906,19,ROGERS RD,CHAMBERS AVE,,Minor Arterial,Etobicoke York,,12,43.682345,-79.46549,Intersection,At Intersection,Stop Sign,Clear,Dark,Dry,Non-Fatal Injury,Pedestrian Collisions,Driver,75 to 79,None,,West,"Automobile, Station Wagon",Going Ahead,Driving Properly,Normal,,,,Yes,Yes,,,,,,,,,,110,Keelesdale-Eglinton West (110)
1758,2007,2007-03-22T04:00:00,1907,19,ALLEN X S LAWRENCE E RAMP W,LAWRENCE AVE W,,Major Arterial,North York,8,32,43.715945,-79.44499,Intersection,At Intersection,Yield Sign,Clear,"Dusk, artificial",Dry,Non-Fatal Injury,Pedestrian Collisions,Vehicle Owner,unknown,None,,,Other,,,,,,,Yes,Yes,,,,,,Yes,,,,31,Yorkdale-Glen Park (31)
1759,2007,2007-03-22T04:00:00,1907,19,ALLEN X S LAWRENCE E RAMP W,LAWRENCE AVE W,,Major Arterial,North York,8,32,43.715945,-79.44499,Intersection,At Intersection,Yield Sign,Clear,"Dusk, artificial",Dry,Non-Fatal Injury,Pedestrian Collisions,Driver,65 to 69,None,,South,"Automobile, Station Wagon",Going Ahead,Failed to Yield Right of Way,Normal,,,,Yes,Yes,,,,,,Yes,,,,31,Yorkdale-Glen Park (31)
1760,2007,2007-03-22T04:00:00,1907,19,ALLEN X S LAWRENCE E RAMP W,LAWRENCE AVE W,,Major Arterial,North York,8,32,43.715945,-79.44499,Intersection,At Intersection,Yield Sign,Clear,"Dusk, artificial",Dry,Non-Fatal Injury,Pedestrian Collisions,Pedestrian,45 to 49,Major,,East,Other,,,,Vehicle is going straight thru inter.while ped cross with ROW,Crossing with right of way,Normal,Yes,Yes,,,,,,Yes,,,,31,Yorkdale-Glen Park (31)
14355,2018,2018-05-27T04:00:00,1907,19,STAINES  RD,HEPATICA ST,,Collector,Scarborough,23,42,43.834822,-79.229938,Intersection,At Intersection,Stop Sign,Clear,Daylight,Dry,Non-Fatal Injury,Pedestrian Collisions,Driver,20 to 24,None,,West,"Automobile, Station Wagon",Going Ahead,Failed to Yield Right of Way,Inattentive,,,,Yes,Yes,,,,,,Yes,,,,131,Rouge (131)
14356,2018,2018-05-27T04:00:00,1907,19,STAINES  RD,HEPATICA ST,,Collector,Scarborough,23,42,43.834822,-79.229938,Intersection,At Intersection,Stop Sign,Clear,Daylight,Dry,Non-Fatal Injury,Pedestrian Collisions,Pedestrian,65 to 69,Major,,North,,,,,Vehicle is going straight thru inter.while ped cross with ROW,Crossing with right of way,Normal,Yes,Yes,,,,,,Yes,,,,131,Rouge (131)
10205,2014,2014-05-14T04:00:00,1908,19,BLOOR ST W,DUNDAS ST W,,Major Arterial,Toronto and East York,4,11,43.65631,-79.452441,Intersection,At Intersection,Traffic Signal,Rain,Dusk,Wet,Non-Fatal Injury,Pedestrian Collisions,Driver,30 to 34,None,,North,"Automobile, Station Wagon",Turning Left,Failed to Yield Right of Way,Normal,,,,Yes,Yes,,,,,,Yes,,,,86,Roncesvalles (86)
10206,2014,2014-05-14T04:00:00,1908,19,BLOOR ST W,DUNDAS ST W,,Major Arterial,Toronto and East York,4,11,43.65631,-79.452441,Intersection,At Intersection,Traffic Signal,Rain,Dusk,Wet,Non-Fatal Injury,Pedestrian Collisions,Pedestrian,40 to 44,Major,,South,,,,,Vehicle turns left while ped crosses with ROW at inter.,Crossing with right of way,Unknown,Yes,Yes,,,,,,Yes,,,,86,Roncesvalles (86)
4857,2009,2009-05-06T04:00:00,1909,19,1472 AVENUE RD,,,Major Arterial,North York,8,53,43.720445,-79.41509,Mid-Block,,No Control,Clear,Daylight,Dry,Non-Fatal Injury,Pedestrian Collisions,Vehicle Owner,unknown,,,,Other,,,,,,,Yes,Yes,,,,,,,,,,39,Bedford Park-Nortown (39)
4858,2009,2009-05-06T04:00:00,1909,19,1472 AVENUE RD,,,Major Arterial,North York,8,53,43.720445,-79.41509,Mid-Block,,No Control,Clear,Daylight,Dry,Non-Fatal Injury,Pedestrian Collisions,Driver,40 to 44,None,,South,"Automobile, Station Wagon",Going Ahead,Driving Properly,Normal,,,,Yes,Yes,,,,,,,,,,39,Bedford Park-Nortown (39)
4859,2009,2009-05-06T04:00:00,1909,19,1472 AVENUE RD,,,Major Arterial,North York,8,53,43.720445,-79.41509,Mid-Block,,No Control,Clear,Daylight,Dry,Non-Fatal Injury,Pedestrian Collisions,Pedestrian,25 to 29,Major,,,Other,,,,Pedestrian hit at mid-block,Running onto Roadway,Had Been Drinking,Yes,Yes,,,,,,,,,,39,Bedford Park-Nortown (39)
10253,2014,2014-07-10T04:00:00,1909,19,BLOOR ST W,DUNDAS ST W,,Minor Arterial,Toronto and East York,4,11,43.656863,-79.452602,Mid-Block,,No Control,Clear,Daylight,Dry,Fatal,Pedestrian Collisions,Driver,50 to 54,None,,North,"Automobile, Station Wagon",Reversing,Other,Normal,,,,Yes,Yes,,,,,,,,,,88,High Park North (88)
10254,2014,2014-07-10T04:00:00,1909,19,BLOOR ST W,DUNDAS ST W,,Minor Arterial,Toronto and East York,4,11,43.656863,-79.452602,Mid-Block,,No Control,Clear,Daylight,Dry,Fatal,Pedestrian Collisions,Pedestrian,65 to 69,Fatal,13,East,,,,,Vehicle is reversing and hits pedestrian,Other,Unknown,Yes,Yes,,,,,,,,,,88,High Park North (88)
11157,2014,2014-10-21T04:00:00,1909,19,BLOOR ST W,PACIFIC AVE,,Major Arterial,Toronto and East York,4,11,43.653887,-79.463695,Intersection,At Intersection,No Control,Rain,"Dark, artificial",Wet,Non-Fatal Injury,Pedestrian Collisions,Driver,35 to 39,None,,East,"Automobile, Station Wagon",Going Ahead,Driving Properly,Normal,,,,Yes,Yes,,,,,,,,,,87,High Park-Swansea (87)
11158,2014,2014-10-21T04:00:00,1909,19,BLOOR ST W,PACIFIC AVE,,Major Arterial,Toronto and East York,4,11,43.653887,-79.463695,Intersection,At Intersection,No Control,Rain,"Dark, artificial",Wet,Non-Fatal Injury,Pedestrian Collisions,Pedestrian,35 to 39,Major,,South,,,,,Vehicle is going straight thru inter.while ped cross without ROW,"Crossing, no Traffic Control",Inattentive,Yes,Yes,,,,,,,,,,87,High Park-Swansea (87)
12150,2015,2015-10-23T04:00:00,1909,19,MORNINGSIDE AVE,SEWELLS RD,,Minor Arterial,Scarborough,25,42,43.81626,-79.211139,Intersection,At Intersection,Traffic Signal,Clear,"Dark, artificial",Dry,Non-Fatal Injury,Pedestrian Collisions,Driver,60 to 64,None,,South,"Automobile, Station Wagon",Going Ahead,Driving Properly,Normal,,,,Yes,Yes,,,,,,,,,,131,Rouge (131)
12151,2015,2015-10-23T04:00:00,1909,19,MORNINGSIDE AVE,SEWELLS RD,,Minor Arterial,Scarborough,25,42,43.81626,-79.211139,Intersection,At Intersection,Traffic Signal,Clear,"Dark, artificial",Dry,Non-Fatal Injury,Pedestrian Collisions,Pedestrian,30 to 34,Major,,West,,,,,Vehicle is going straight thru inter.while ped cross without ROW,Running onto Roadway,Inattentive,Yes,Yes,,,,,,,,,,131,Rouge (131)
13438,2017,2017-02-07T05:00:00,1909,19,MORTIMER AVE,BROADVIEW AVE,42 m East of,Minor Arterial,Toronto and East York,14,54,43.683955,-79.356281,Mid-Block,Non Intersection,No Control,Rain,"Dark, artificial",Wet,Non-Fatal Injury,Pedestrian Collisions,Driver,65 to 69,None,,East,"Automobile, Station Wagon",Slowing or Stopping,Driving Properly,Normal,,,,Yes,Yes,,,,,,,,,,57,Broadview North (57)
13440,2017,2017-02-07T05:00:00,1909,19,MORTIMER AVE,BROADVIEW AVE,42 m East of,Minor Arterial,Toronto and East York,14,54,43.683955,-79.356281,Mid-Block,Non Intersection,No Control,Rain,"Dark, artificial",Wet,Non-Fatal Injury,Pedestrian Collisions,Pedestrian,75 to 79,Major,,South,,,,,Pedestrian hit at mid-block,"Crossing, no Traffic Control",Normal,Yes,Yes,,,,,,,,,,57,Broadview North (57)
1484,2006,2006-09-30T04:00:00,1910,19,MARTIN GROVE RD,ALBION RD,,Major Arterial,Etobicoke York,1,23,43.741945,-79.59419,Intersection,At Intersection,Traffic Signal,Rain,Daylight,Wet,Non-Fatal Injury,Pedestrian Collisions,Driver,65 to 69,None,,South,"Automobile, Station Wagon",Turning Left,Improper Turn,Normal,,,,Yes,Yes,,,,,,,,,,2,Mount Olive-Silverstone-Jamestown (2)
1485,2006,2006-09-30T04:00:00,1910,19,MARTIN GROVE RD,ALBION RD,,Major Arterial,Etobicoke York,1,23,43.741945,-79.59419,Intersection,At Intersection,Traffic Signal,Rain,Daylight,Wet,Non-Fatal Injury,Pedestrian Collisions,Pedestrian,75 to 79,Major,,South,Other,,,,Vehicle turns left while ped crosses with ROW at inter.,Crossing with right of way,Normal,Yes,Yes,,,,,,,,,,2,Mount Olive-Silverstone-Jamestown (2)
1608,2007,2007-01-12T05:00:00,1910,19,GERRARD ST E,ENDERBY RD,,Minor Arterial,Toronto and East York,19,55,43.683745,-79.30109,Mid-Block,,No Control,Rain,Dark,Wet,Non-Fatal Injury,Pedestrian Collisions,Driver,55 to 59,None,,West,"Automobile, Station Wagon",Going Ahead,Driving Properly,Normal,,,,Yes,Yes,,,,,,,,,,62,East End-Danforth (62)
1611,2007,2007-01-12T05:00:00,1910,19,GERRARD ST E,ENDERBY RD,,Minor Arterial,Toronto and East York,19,55,43.683745,-79.30109,Mid-Block,,No Control,Rain,Dark,Wet,Non-Fatal Injury,Pedestrian Collisions,Pedestrian,45 to 49,Major,,North,Other,,,,Pedestrian hit at mid-block,"Crossing, no Traffic Control",Had Been Drinking,Yes,Yes,,,,,,,,,,62,East End-Danforth (62)
2212,2007,2007-10-11T04:00:00,1910,19,100 STEELES Aven W,,,Major Arterial,North York,18,32,43.796945,-79.42479,Mid-Block,,Traffic Signal,Clear,Daylight,Dry,Non-Fatal Injury,Pedestrian Collisions,Driver,65 to 69,None,,North,"Automobile, Station Wagon",Turning Right,Failed to Yield Right of Way,Normal,,,,Yes,Yes,,,,,,Yes,,,,36,Newtonbrook West (36)
2213,2007,2007-10-11T04:00:00,1910,19,100 STEELES Aven W,,,Major Arterial,North York,18,32,43.796945,-79.42479,Mid-Block,,Traffic Signal,Clear,Daylight,Dry,Non-Fatal Injury,Pedestrian Collisions,Pedestrian,55 to 59,Major,,North,Other,Going Ahead,,,Pedestrian hit at mid-block,Crossing with right of way,Normal,Yes,Yes,,,,,,Yes,,,,36,Newtonbrook West (36)
6137,2011,2011-04-20T04:00:00,1910,19,4335 BLOOR ST W,,,Major Arterial,Etobicoke York,2,22,43.631645,-79.57599,Mid-Block,,No Control,Clear,Daylight,Dry,Non-Fatal Injury,Pedestrian Collisions,Driver,40 to 44,None,,North,"Automobile, Station Wagon",Turning Left,Driving Properly,Normal,,,,Yes,Yes,,,,,,,,,,12,Markland Wood (12)
6138,2011,2011-04-20T04:00:00,1910,19,4335 BLOOR ST W,,,Major Arterial,Etobicoke York,2,22,43.631645,-79.57599,Mid-Block,,No Control,Clear,Daylight,Dry,Non-Fatal Injury,Pedestrian Collisions,Pedestrian,55 to 59,Major,,South,Other,,,,Vehicle turns left while ped crosses without ROW at inter.,"Crossing, no Traffic Control",Inattentive,Yes,Yes,,,,,,,,,,12,Markland Wood (12)
6984,2010,2010-07-10T04:00:00,1910,19,DUFFERIN St,EVERSFIELD Rd,,Major Arterial,Toronto and East York,,13,43.686845,-79.44669,Mid-Block,,No Control,Clear,Daylight,Dry,Non-Fatal Injury,Pedestrian Collisions,Vehicle Owner,unknown,,,,Other,,,,,,,Yes,,,Yes,,,,,,,,107,Oakwood Village (107)
6985,2010,2010-07-10T04:00:00,1910,19,DUFFERIN St,EVERSFIELD Rd,,Major Arterial,Toronto and East York,,13,43.686845,-79.44669,Mid-Block,,No Control,Clear,Daylight,Dry,Non-Fatal Injury,Pedestrian Collisions,Driver,40 to 44,None,,North,Municipal Transit Bus (TTC),Going Ahead,Driving Properly,Normal,,,,Yes,,,Yes,,,,,,,,107,Oakwood Village (107)
6986,2010,2010-07-10T04:00:00,1910,19,DUFFERIN St,EVERSFIELD Rd,,Major Arterial,Toronto and East York,,13,43.686845,-79.44669,Mid-Block,,No Control,Clear,Daylight,Dry,Non-Fatal Injury,Pedestrian Collisions,Pedestrian,55 to 59,Major,,,Other,,,,Pedestrian involved in a collision with transit vehicle anywhere along roadway,Other,Had Been Drinking,Yes,,,Yes,,,,,,,,107,Oakwood Village (107)
7115,2012,2012-02-21T05:00:00,1910,19,STEELES AVE E,TOWNSEND RD,,Major Arterial,North York,17,33,43.811945,-79.35749,Intersection,At Intersection,Traffic Signal,Clear,Dark,Wet,Non-Fatal Injury,Pedestrian Collisions,Driver,50 to 54,None,,South,"Automobile, Station Wagon",Turning Right,Failed to Yield Right of Way,Inattentive,,,,Yes,Yes,,,,,,Yes,,,,48,Hillcrest Village (48)
7116,2012,2012-02-21T05:00:00,1910,19,STEELES AVE E,TOWNSEND RD,,Major Arterial,North York,17,33,43.811945,-79.35749,Intersection,At Intersection,Traffic Signal,Clear,Dark,Wet,Non-Fatal Injury,Pedestrian Collisions,Pedestrian,25 to 29,Major,,Unknown,Other,,,,Vehicle turns right while ped crosses with ROW at inter.,Crossing with right of way,Unknown,Yes,Yes,,,,,,Yes,,,,48,Hillcrest Village (48)
11878,2014,2014-12-16T05:00:00,1910,19,ALBION RD,RIVERDALE DR,,Major Arterial,Etobicoke York,1,23,43.735346,-79.561374,Intersection,Intersection Related,Traffic Signal,Rain,Dark,Wet,Non-Fatal Injury,Pedestrian Collisions,Driver,45 to 49,None,,North,"Automobile, Station Wagon",Turning Left,Driving Properly,Normal,,,,Yes,Yes,,,,Yes,,,,,,3,Thistletown-Beaumond Heights (3)
11879,2014,2014-12-16T05:00:00,1910,19,ALBION RD,RIVERDALE DR,,Major Arterial,Etobicoke York,1,23,43.735346,-79.561374,Intersection,Intersection Related,Traffic Signal,Rain,Dark,Wet,Non-Fatal Injury,Pedestrian Collisions,Passenger,5 to 9,Major,,,,,,,,,,Yes,Yes,,,,Yes,,,,,,3,Thistletown-Beaumond Heights (3)
11880,2014,2014-12-16T05:00:00,1910,19,ALBION RD,RIVERDALE DR,,Major Arterial,Etobicoke York,1,23,43.735346,-79.561374,Intersection,Intersection Related,Traffic Signal,Rain,Dark,Wet,Non-Fatal Injury,Pedestrian Collisions,Pedestrian,45 to 49,Minor,,Unknown,,,,,Vehicle turns left while ped crosses with ROW at inter.,Crossing with right of way,Normal,Yes,Yes,,,,Yes,,,,,,3,Thistletown-Beaumond Heights (3)
15926,2019,2019-09-03T04:00:00,1910,19,LANSDOWNE AVE,WALLACE AVE,27 m South of,Minor Arterial,Toronto and East York,9,11,43.662147,-79.444217,,At/Near Private Drive,Traffic Signal,Clear,Daylight,Dry,Non-Fatal Injury,Pedestrian Collisions,Driver,25 to 29,None,,South,"Automobile, Station Wagon",Going Ahead,Lost control,Inattentive,,,,Yes,Yes,,,,,,,,,,93,Dovercourt-Wallace Emerson-Junction (93)
15927,2019,2019-09-03T04:00:00,1910,19,LANSDOWNE AVE,WALLACE AVE,27 m South of,Minor Arterial,Toronto and East York,9,11,43.662147,-79.444217,,At/Near Private Drive,Traffic Signal,Clear,Daylight,Dry,Non-Fatal Injury,Pedestrian Collisions,Pedestrian,25 to 29,Major,,,,,,,,,Normal,Yes,Yes,,,,,,,,,,93,Dovercourt-Wallace Emerson-Junction (93)
312,2006,2006-05-08T04:00:00,1911,19,MANNING AVE,BLOOR ST W,,Local,Toronto and East York,11,14,43.665345,-79.41649,Mid-Block,,No Control,Clear,Daylight,Dry,Non-Fatal Injury,Pedestrian Collisions,Driver,unknown,None,,East,"Automobile, Station Wagon",Unknown,Speed too Fast For Condition,Unknown,,,,Yes,Yes,,,,,Yes,Yes,,,,95,Annex (95)
313,2006,2006-05-08T04:00:00,1911,19,MANNING AVE,BLOOR ST W,,Local,Toronto and East York,11,14,43.665345,-79.41649,Mid-Block,,No Control,Clear,Daylight,Dry,Non-Fatal Injury,Pedestrian Collisions,Pedestrian,30 to 34,Major,,North,Other,,,,Pedestrian hit on sidewalk or shoulder,On Sidewalk or Shoulder,Normal,Yes,Yes,,,,,Yes,Yes,,,,95,Annex (95)
13239,2016,2016-11-07T05:00:00,1911,19,ISLINGTON AVE,CORDOVA AVE,50 m South of,Major Arterial,Etobicoke York,3,22,43.647818,-79.524829,Mid-Block,Non Intersection,No Control,Clear,Dark,Dry,Non-Fatal Injury,Pedestrian Collisions,Driver,40 to 44,None,,North,"Automobile, Station Wagon",Going Ahead,Driving Properly,Normal,,,,Yes,Yes,,,,Yes,,,,,,14,Islington-City Centre West (14)
13244,2016,2016-11-07T05:00:00,1911,19,ISLINGTON AVE,CORDOVA AVE,50 m South of,Major Arterial,Etobicoke York,3,22,43.647818,-79.524829,Mid-Block,Non Intersection,No Control,Clear,Dark,Dry,Non-Fatal Injury,Pedestrian Collisions,Driver,50 to 54,None,,South,Pick Up Truck,Going Ahead,Driving Properly,Normal,,,,Yes,Yes,,,,Yes,,,,,,14,Islington-City Centre West (14)
13340,2016,2016-11-07T05:00:00,1911,19,ISLINGTON AVE,CORDOVA AVE,50 m South of,Major Arterial,Etobicoke York,3,22,43.647818,-79.524829,Mid-Block,Non Intersection,No Control,Clear,Dark,Dry,Non-Fatal Injury,Pedestrian Collisions,Driver,45 to 49,None,,North,"Automobile, Station Wagon",Going Ahead,Driving Properly,Normal,,,,Yes,Yes,,,,Yes,,,,,,14,Islington-City Centre West (14)
13345,2016,2016-11-07T05:00:00,1911,19,ISLINGTON AVE,CORDOVA AVE,50 m South of,Major Arterial,Etobicoke York,3,22,43.647818,-79.524829,Mid-Block,Non Intersection,No Control,Clear,Dark,Dry,Non-Fatal Injury,Pedestrian Collisions,Driver,30 to 34,None,,North,"Automobile, Station Wagon",Going Ahead,Driving Properly,Normal,,,,Yes,Yes,,,,Yes,,,,,,14,Islington-City Centre West (14)
13439,2016,2016-11-07T05:00:00,1911,19,ISLINGTON AVE,CORDOVA AVE,50 m South of,Major Arterial,Etobicoke York,3,22,43.647818,-79.524829,Mid-Block,Non Intersection,No Control,Clear,Dark,Dry,Non-Fatal Injury,Pedestrian Collisions,Pedestrian,50 to 54,Major,,Unknown,,,,,Pedestrian hit at mid-block,"Crossing, no Traffic Control",Normal,Yes,Yes,,,,Yes,,,,,,14,Islington-City Centre West (14)