_id,YEAR,DATE,TIME,HOUR,STREET1,STREET2,OFFSET,ROAD_CLASS,District,WardNum,Division,LATITUDE,LONGITUDE,LOCCOORD,ACCLOC,TRAFFCTL,VISIBILITY,LIGHT,RDSFCOND,ACCLASS,IMPACTYPE,INVTYPE,INVAGE,INJURY,FATAL_NO,INITDIR,VEHTYPE,MANOEUVER,DRIVACT,DRIVCOND,PEDTYPE,PEDACT,PEDCOND,PEDESTRIAN,AUTOMOBILE,TRUCK,TRSN_CITY_VEH,EMERG_VEH,PASSENGER,SPEEDING,AG_DRIV,REDLIGHT,ALCOHOL,DISABILITY,Hood_ID,Neighbourhood
11969,2015,2015-04-04T04:00:00,2028,20,JANE ST,EAST DR,,Major Arterial,Etobicoke York,5,12,43.678931,-79.496852,Intersection,Intersection Related,Traffic Signal,Snow,"Dark, artificial",Wet,Non-Fatal Injury,Pedestrian Collisions,Pedestrian,30 to 34,Major,,East,,,,,Vehicle is going straight thru inter.while ped cross without ROW,Crossing without right of way,Unknown,Yes,Yes,,,,Yes,,,,,,111,Rockcliffe-Smythe (111)
11970,2015,2015-04-04T04:00:00,2028,20,JANE ST,EAST DR,,Major Arterial,Etobicoke York,5,12,43.678931,-79.496852,Intersection,Intersection Related,Traffic Signal,Snow,"Dark, artificial",Wet,Non-Fatal Injury,Pedestrian Collisions,Passenger,70 to 74,Minor,,,,,,,,,,Yes,Yes,,,,Yes,,,,,,111,Rockcliffe-Smythe (111)
1134,2006,2006-10-28T04:00:00,2030,20,EGLINTON AVE E,BRENTCLIFFE RD,,Major Arterial,North York,15,53,43.714745,-79.35889,Mid-Block,,No Control,Rain,Dark,Wet,Non-Fatal Injury,Pedestrian Collisions,Driver,30 to 34,None,,West,"Automobile, Station Wagon",Going Ahead,Driving Properly,Normal,,,,Yes,Yes,,,,,,,,,,55,Thorncliffe Park (55)
1149,2006,2006-10-28T04:00:00,2030,20,EGLINTON AVE E,BRENTCLIFFE RD,,Major Arterial,North York,15,53,43.714745,-79.35889,Mid-Block,,No Control,Rain,Dark,Wet,Non-Fatal Injury,Pedestrian Collisions,Pedestrian,40 to 44,Major,,North,Other,,,,Pedestrian hit at mid-block,"Crossing, no Traffic Control",Normal,Yes,Yes,,,,,,,,,,55,Thorncliffe Park (55)
1722,2007,2007-01-12T05:00:00,2030,20,4071 KINGSTON RD,,,Major Arterial,Scarborough,24,43,43.755345,-79.20089,Mid-Block,,No Control,Rain,Dark,Wet,Non-Fatal Injury,Pedestrian Collisions,Vehicle Owner,unknown,,,,Other,,,,,,,Yes,Yes,,,,,,,,,,136,West Hill (136)
1773,2007,2007-01-12T05:00:00,2030,20,4071 KINGSTON RD,,,Major Arterial,Scarborough,24,43,43.755345,-79.20089,Mid-Block,,No Control,Rain,Dark,Wet,Non-Fatal Injury,Pedestrian Collisions,Driver,40 to 44,None,,East,"Automobile, Station Wagon",Going Ahead,Driving Properly,Normal,,,,Yes,Yes,,,,,,,,,,136,West Hill (136)
1774,2007,2007-01-12T05:00:00,2030,20,4071 KINGSTON RD,,,Major Arterial,Scarborough,24,43,43.755345,-79.20089,Mid-Block,,No Control,Rain,Dark,Wet,Non-Fatal Injury,Pedestrian Collisions,Pedestrian,35 to 39,Major,,North,Other,,,,Pedestrian hit at mid-block,Running onto Roadway,Normal,Yes,Yes,,,,,,,,,,136,West Hill (136)
6686,2010,2010-08-28T04:00:00,2030,20,WESTMORE DR,COUNTRYMAN CRCL,,Collector,Etobicoke York,1,23,43.733645,-79.600589,Intersection,At Intersection,Stop Sign,Clear,Dark,Dry,Non-Fatal Injury,Pedestrian Collisions,Driver,unknown,None,,North,"Automobile, Station Wagon",Going Ahead,Driving Properly,Unknown,,,,Yes,Yes,,,,,,,,,,1,West Humber-Clairville (1)
6687,2010,2010-08-28T04:00:00,2030,20,WESTMORE DR,COUNTRYMAN CRCL,,Collector,Etobicoke York,1,23,43.733645,-79.600589,Intersection,At Intersection,Stop Sign,Clear,Dark,Dry,Non-Fatal Injury,Pedestrian Collisions,Pedestrian,15 to 19,Major,,West,Other,,,,Pedestrian hit at mid-block,"Crossing, no Traffic Control",Inattentive,Yes,Yes,,,,,,,,,,1,West Humber-Clairville (1)
9034,2012,2012-12-17T05:00:00,2030,20,STEELES AVE E,MAXOME AVE,,Major Arterial,North York,18,32,43.801045,-79.40619,Intersection,At Intersection,Traffic Signal,Clear,Dark,Dry,Non-Fatal Injury,Pedestrian Collisions,Driver,55 to 59,None,,South,"Automobile, Station Wagon",Turning Left,Improper Turn,Inattentive,,,,Yes,Yes,,,,,,,,,,50,Newtonbrook East (50)
9136,2012,2012-12-17T05:00:00,2030,20,STEELES AVE E,MAXOME AVE,,Major Arterial,North York,18,32,43.801045,-79.40619,Intersection,At Intersection,Traffic Signal,Clear,Dark,Dry,Non-Fatal Injury,Pedestrian Collisions,Pedestrian,25 to 29,Major,,North,Other,,,,Vehicle turns left while ped crosses with ROW at inter.,Crossing with right of way,Normal,Yes,Yes,,,,,,,,,,50,Newtonbrook East (50)
13828,2016,2016-12-21T05:00:00,2030,20,BIRCHMOUNT RD,CHALDEAN ST,9 m South of,Major Arterial,Scarborough,22,42,43.793257,-79.303493,Intersection,Intersection Related,Stop Sign,Clear,"Dark, artificial",Wet,Non-Fatal Injury,Pedestrian Collisions,Driver,60 to 64,None,,South,"Automobile, Station Wagon",Going Ahead,Driving Properly,Normal,,,,Yes,Yes,,,,,,,,,,117,L'Amoreaux (117)
13829,2016,2016-12-21T05:00:00,2030,20,BIRCHMOUNT RD,CHALDEAN ST,9 m South of,Major Arterial,Scarborough,22,42,43.793257,-79.303493,Intersection,Intersection Related,Stop Sign,Clear,"Dark, artificial",Wet,Non-Fatal Injury,Pedestrian Collisions,Pedestrian,55 to 59,Major,,West,,,,,Vehicle is going straight thru inter.while ped cross without ROW,"Crossing, no Traffic Control",Normal,Yes,Yes,,,,,,,,,,117,L'Amoreaux (117)
15992,2019,2019-09-29T04:00:00,2031,20,KIPLING AVE,BETHRIDGE RD,,Major Arterial,Etobicoke York,1,23,43.707354,-79.5647,Mid-Block,Non Intersection,No Control,Clear,"Daylight, artificial",Dry,Fatal,Pedestrian Collisions,Pedestrian,55 to 59,Fatal,47,East,,,,,Pedestrian hit at mid-block,"Crossing, no Traffic Control",Unknown,Yes,Yes,,,,,,,,,,1,West Humber-Clairville (1)
15994,2019,2019-09-29T04:00:00,2031,20,KIPLING AVE,BETHRIDGE RD,,Major Arterial,Etobicoke York,1,23,43.707354,-79.5647,Mid-Block,Non Intersection,No Control,Clear,"Daylight, artificial",Dry,Fatal,Pedestrian Collisions,Driver,50 to 54,None,,North,"Automobile, Station Wagon",Going Ahead,Driving Properly,Normal,,,,Yes,Yes,,,,,,,,,,1,West Humber-Clairville (1)
8873,2012,2012-06-12T04:00:00,2032,20,DAVENPORT RD,OSSINGTON AVE,,Minor Arterial,Toronto and East York,,13,43.674745,-79.43099,Intersection,At Intersection,Traffic Signal,Clear,"Dark, artificial",Dry,Non-Fatal Injury,Pedestrian Collisions,Vehicle Owner,unknown,,,,Other,,,,,,,Yes,,,Yes,,,,Yes,,,,94,Wychwood (94)
8956,2012,2012-06-12T04:00:00,2032,20,DAVENPORT RD,OSSINGTON AVE,,Minor Arterial,Toronto and East York,,13,43.674745,-79.43099,Intersection,At Intersection,Traffic Signal,Clear,"Dark, artificial",Dry,Non-Fatal Injury,Pedestrian Collisions,Driver,20 to 24,None,,North,Municipal Transit Bus (TTC),Turning Left,Failed to Yield Right of Way,Inattentive,,,,Yes,,,Yes,,,,Yes,,,,94,Wychwood (94)
8957,2012,2012-06-12T04:00:00,2032,20,DAVENPORT RD,OSSINGTON AVE,,Minor Arterial,Toronto and East York,,13,43.674745,-79.43099,Intersection,At Intersection,Traffic Signal,Clear,"Dark, artificial",Dry,Non-Fatal Injury,Pedestrian Collisions,Pedestrian,80 to 84,Major,,North,Other,,,,Pedestrian involved in a collision with transit vehicle anywhere along roadway,Crossing with right of way,Normal,Yes,,,Yes,,,,Yes,,,,94,Wychwood (94)
9856,2013,2013-03-14T04:00:00,2032,20,CARLAW AVE,DUNDAS ST E,,Minor Arterial,Toronto and East York,14,55,43.663345,-79.34109,Mid-Block,At Intersection,No Control,Clear,"Dark, artificial",Dry,Non-Fatal Injury,Pedestrian Collisions,Passenger,20 to 24,None,,,Other,,,,,,,Yes,Yes,,,,Yes,,,,,,70,South Riverdale (70)
9857,2013,2013-03-14T04:00:00,2032,20,CARLAW AVE,DUNDAS ST E,,Minor Arterial,Toronto and East York,14,55,43.663345,-79.34109,Mid-Block,At Intersection,No Control,Clear,"Dark, artificial",Dry,Non-Fatal Injury,Pedestrian Collisions,Passenger,30 to 34,None,,,Other,,,,,,,Yes,Yes,,,,Yes,,,,,,70,South Riverdale (70)
9858,2013,2013-03-14T04:00:00,2032,20,CARLAW AVE,DUNDAS ST E,,Minor Arterial,Toronto and East York,14,55,43.663345,-79.34109,Mid-Block,At Intersection,No Control,Clear,"Dark, artificial",Dry,Non-Fatal Injury,Pedestrian Collisions,Vehicle Owner,unknown,,,,Other,,,,,,,Yes,Yes,,,,Yes,,,,,,70,South Riverdale (70)
9859,2013,2013-03-14T04:00:00,2032,20,CARLAW AVE,DUNDAS ST E,,Minor Arterial,Toronto and East York,14,55,43.663345,-79.34109,Mid-Block,At Intersection,No Control,Clear,"Dark, artificial",Dry,Non-Fatal Injury,Pedestrian Collisions,Driver,45 to 49,None,,West,"Automobile, Station Wagon",Turning Left,Driving Properly,Normal,,,,Yes,Yes,,,,Yes,,,,,,70,South Riverdale (70)
9860,2013,2013-03-14T04:00:00,2032,20,CARLAW AVE,DUNDAS ST E,,Minor Arterial,Toronto and East York,14,55,43.663345,-79.34109,Mid-Block,At Intersection,No Control,Clear,"Dark, artificial",Dry,Non-Fatal Injury,Pedestrian Collisions,Pedestrian,60 to 64,Major,,East,Other,,,,Pedestrian hit at mid-block,"Crossing, no Traffic Control",Normal,Yes,Yes,,,,Yes,,,,,,70,South Riverdale (70)
2162,2007,2007-09-28T04:00:00,2033,20,FINCH AVE E,MCCOWAN RD,,Major Arterial,Scarborough,23,42,43.808745,-79.26319,Mid-Block,,No Control,Clear,Dark,Dry,Non-Fatal Injury,Pedestrian Collisions,Driver,25 to 29,None,,West,"Automobile, Station Wagon",Going Ahead,Driving Properly,Normal,,,,Yes,Yes,,,,,,,,,,129,Agincourt North (129)
2163,2007,2007-09-28T04:00:00,2033,20,FINCH AVE E,MCCOWAN RD,,Major Arterial,Scarborough,23,42,43.808745,-79.26319,Mid-Block,,No Control,Clear,Dark,Dry,Non-Fatal Injury,Pedestrian Collisions,Pedestrian,45 to 49,Major,,South,Other,,,,Pedestrian hit at mid-block,"Crossing, no Traffic Control",Normal,Yes,Yes,,,,,,,,,,129,Agincourt North (129)
12205,2016,2016-05-01T04:00:00,2033,20,AVENUE RD,FELBRIGGE AVE,,Major Arterial,North York,8,32,43.734461,-79.419765,Mid-Block,Non Intersection,No Control,Rain,"Dark, artificial",Wet,Fatal,Pedestrian Collisions,Pedestrian,90 to 94,Fatal,29,West,,,,,Vehicle is going straight thru inter.while ped cross without ROW,"Crossing, no Traffic Control",Inattentive,Yes,Yes,,,,,,,,,,39,Bedford Park-Nortown (39)
12237,2016,2016-05-01T04:00:00,2033,20,AVENUE RD,FELBRIGGE AVE,,Major Arterial,North York,8,32,43.734461,-79.419765,Mid-Block,Non Intersection,No Control,Rain,"Dark, artificial",Wet,Fatal,Pedestrian Collisions,Driver,30 to 34,None,,South,"Automobile, Station Wagon",Going Ahead,Driving Properly,Normal,,,,Yes,Yes,,,,,,,,,,39,Bedford Park-Nortown (39)
13874,2017,2017-01-15T05:00:00,2033,20,YONGE  ST,ALBERTUS AVE,6 m South of,Major Arterial,North York,,53,43.714495,-79.399997,Intersection,Intersection Related,No Control,Clear,"Dark, artificial",Dry,Non-Fatal Injury,Pedestrian Collisions,Pedestrian,45 to 49,Major,,West,,,,,Vehicle is going straight thru inter.while ped cross without ROW,Crossing without right of way,Inattentive,Yes,Yes,,,,,,,,,,99,Mount Pleasant East (99)
13875,2017,2017-01-15T05:00:00,2033,20,YONGE  ST,ALBERTUS AVE,6 m South of,Major Arterial,North York,,53,43.714495,-79.399997,Intersection,Intersection Related,No Control,Clear,"Dark, artificial",Dry,Non-Fatal Injury,Pedestrian Collisions,Driver,55 to 59,None,,North,"Automobile, Station Wagon",Going Ahead,Driving Properly,Normal,,,,Yes,Yes,,,,,,,,,,99,Mount Pleasant East (99)
7610,2011,2011-09-01T04:00:00,2035,20,HOLLISTER RD,INVERDON RD,,Local,Etobicoke York,2,22,43.664845,-79.57319,Intersection,At Intersection,No Control,Clear,Dark,Dry,Non-Fatal Injury,Pedestrian Collisions,Driver,55 to 59,None,,North,"Automobile, Station Wagon",Turning Left,Failed to Yield Right of Way,Inattentive,,,,Yes,Yes,,,,,,Yes,,,,11,Eringate-Centennial-West Deane (11)
7611,2011,2011-09-01T04:00:00,2035,20,HOLLISTER RD,INVERDON RD,,Local,Etobicoke York,2,22,43.664845,-79.57319,Intersection,At Intersection,No Control,Clear,Dark,Dry,Non-Fatal Injury,Pedestrian Collisions,Pedestrian,15 to 19,Major,,North,Other,,,,Vehicle turns left while ped crosses with ROW at inter.,Crossing with right of way,Normal,Yes,Yes,,,,,,Yes,,,,11,Eringate-Centennial-West Deane (11)
7612,2011,2011-09-01T04:00:00,2035,20,HOLLISTER RD,INVERDON RD,,Local,Etobicoke York,2,22,43.664845,-79.57319,Intersection,At Intersection,No Control,Clear,Dark,Dry,Non-Fatal Injury,Pedestrian Collisions,Pedestrian,20 to 24,Minor,,North,Other,,,,Vehicle turns left while ped crosses with ROW at inter.,Crossing with right of way,Normal,Yes,Yes,,,,,,Yes,,,,11,Eringate-Centennial-West Deane (11)
13307,2016,2016-10-31T04:00:00,2035,20,LAWRENCE AVE E,DON MILLS RD,45 m West of,Major Arterial,North York,16,33,43.73693,-79.344211,Mid-Block,Non Intersection,No Control,Clear,"Dark, artificial",Dry,Non-Fatal Injury,Pedestrian Collisions,Driver,40 to 44,Minimal,,West,"Automobile, Station Wagon",Going Ahead,Exceeding Speed Limit,Inattentive,,,,Yes,Yes,,,,Yes,Yes,Yes,,Yes,,42,Banbury-Don Mills (42)
13308,2016,2016-10-31T04:00:00,2035,20,LAWRENCE AVE E,DON MILLS RD,45 m West of,Major Arterial,North York,16,33,43.73693,-79.344211,Mid-Block,Non Intersection,No Control,Clear,"Dark, artificial",Dry,Non-Fatal Injury,Pedestrian Collisions,Driver,35 to 39,Minimal,,West,"Automobile, Station Wagon",Going Ahead,Driving Properly,"Ability Impaired, Alcohol Over .08",,,,Yes,Yes,,,,Yes,Yes,Yes,,Yes,,42,Banbury-Don Mills (42)
13309,2016,2016-10-31T04:00:00,2035,20,LAWRENCE AVE E,DON MILLS RD,45 m West of,Major Arterial,North York,16,33,43.73693,-79.344211,Mid-Block,Non Intersection,No Control,Clear,"Dark, artificial",Dry,Non-Fatal Injury,Pedestrian Collisions,Driver,40 to 44,Minimal,,West,"Automobile, Station Wagon",Going Ahead,Driving Properly,Normal,,,,Yes,Yes,,,,Yes,Yes,Yes,,Yes,,42,Banbury-Don Mills (42)
13310,2016,2016-10-31T04:00:00,2035,20,LAWRENCE AVE E,DON MILLS RD,45 m West of,Major Arterial,North York,16,33,43.73693,-79.344211,Mid-Block,Non Intersection,No Control,Clear,"Dark, artificial",Dry,Non-Fatal Injury,Pedestrian Collisions,Passenger,5 to 9,Minimal,,,,,,,,,,Yes,Yes,,,,Yes,Yes,Yes,,Yes,,42,Banbury-Don Mills (42)
13311,2016,2016-10-31T04:00:00,2035,20,LAWRENCE AVE E,DON MILLS RD,45 m West of,Major Arterial,North York,16,33,43.73693,-79.344211,Mid-Block,Non Intersection,No Control,Clear,"Dark, artificial",Dry,Non-Fatal Injury,Pedestrian Collisions,Passenger,5 to 9,Minimal,,,,,,,,,,Yes,Yes,,,,Yes,Yes,Yes,,Yes,,42,Banbury-Don Mills (42)
13312,2016,2016-10-31T04:00:00,2035,20,LAWRENCE AVE E,DON MILLS RD,45 m West of,Major Arterial,North York,16,33,43.73693,-79.344211,Mid-Block,Non Intersection,No Control,Clear,"Dark, artificial",Dry,Non-Fatal Injury,Pedestrian Collisions,Pedestrian,10 to 14,Major,,Unknown,,,,,Pedestrian hit on sidewalk or shoulder,On Sidewalk or Shoulder,Normal,Yes,Yes,,,,Yes,Yes,Yes,,Yes,,42,Banbury-Don Mills (42)
13313,2016,2016-10-31T04:00:00,2035,20,LAWRENCE AVE E,DON MILLS RD,45 m West of,Major Arterial,North York,16,33,43.73693,-79.344211,Mid-Block,Non Intersection,No Control,Clear,"Dark, artificial",Dry,Non-Fatal Injury,Pedestrian Collisions,Pedestrian,10 to 14,Major,,Unknown,,,,,Pedestrian hit on sidewalk or shoulder,On Sidewalk or Shoulder,Normal,Yes,Yes,,,,Yes,Yes,Yes,,Yes,,42,Banbury-Don Mills (42)
13314,2016,2016-10-31T04:00:00,2035,20,LAWRENCE AVE E,DON MILLS RD,45 m West of,Major Arterial,North York,16,33,43.73693,-79.344211,Mid-Block,Non Intersection,No Control,Clear,"Dark, artificial",Dry,Non-Fatal Injury,Pedestrian Collisions,Pedestrian,10 to 14,Minor,,Unknown,,,,,Pedestrian hit on sidewalk or shoulder,On Sidewalk or Shoulder,Normal,Yes,Yes,,,,Yes,Yes,Yes,,Yes,,42,Banbury-Don Mills (42)
15916,2019,2019-08-25T04:00:00,2035,20,KINGSTON RD,MORNINGSIDE AVE,,Major Arterial,Scarborough,25,43,43.771086,-79.186321,Mid-Block,Non Intersection,No Control,Clear,Dark,Dry,Fatal,Pedestrian Collisions,Driver,60 to 64,None,,East,"Automobile, Station Wagon",Going Ahead,Driving Properly,Normal,,,,Yes,Yes,,,,,,,,,,136,West Hill (136)
15917,2019,2019-08-25T04:00:00,2035,20,KINGSTON RD,MORNINGSIDE AVE,,Major Arterial,Scarborough,25,43,43.771086,-79.186321,Mid-Block,Non Intersection,No Control,Clear,Dark,Dry,Fatal,Pedestrian Collisions,Pedestrian,70 to 74,Fatal,37,North,,,,,Pedestrian hit at mid-block,"Crossing, no Traffic Control",Unknown,Yes,Yes,,,,,,,,,,136,West Hill (136)
2237,2007,2007-07-04T04:00:00,2038,20,PARKSIDE DR,GARDEN AVE,,Major Arterial,Toronto and East York,4,11,43.641945,-79.45499,Mid-Block,,No Control,Clear,Daylight,Wet,Non-Fatal Injury,Pedestrian Collisions,Driver,35 to 39,None,,North,"Automobile, Station Wagon",Slowing or Stopping,Driving Properly,Normal,,,,Yes,Yes,,,,,,,,,,87,High Park-Swansea (87)
2244,2007,2007-07-04T04:00:00,2038,20,PARKSIDE DR,GARDEN AVE,,Major Arterial,Toronto and East York,4,11,43.641945,-79.45499,Mid-Block,,No Control,Clear,Daylight,Wet,Non-Fatal Injury,Pedestrian Collisions,Pedestrian,30 to 34,Major,,East,Other,,,,Vehicle hits the pedestrian walking or running out from between parked vehicles at mid-block,Running onto Roadway,"Ability Impaired, Alcohol",Yes,Yes,,,,,,,,,,87,High Park-Swansea (87)
3305,2008,2008-10-02T04:00:00,2038,20,FINCH Ave W,DUFFERIN St,,Major Arterial,North York,6,32,43.768145,-79.46989,Mid-Block,,No Control,Rain,Dark,Wet,Non-Fatal Injury,Pedestrian Collisions,Pedestrian,65 to 69,Major,,North,Other,,,,Pedestrian hit at mid-block,"Crossing, no Traffic Control",Normal,Yes,Yes,,,,Yes,,,,,,27,York University Heights (27)
3310,2008,2008-10-02T04:00:00,2038,20,FINCH Ave W,DUFFERIN St,,Major Arterial,North York,6,32,43.768145,-79.46989,Mid-Block,,No Control,Rain,Dark,Wet,Non-Fatal Injury,Pedestrian Collisions,Passenger,15 to 19,None,,,Other,,,,,,,Yes,Yes,,,,Yes,,,,,,27,York University Heights (27)
3320,2008,2008-10-02T04:00:00,2038,20,FINCH Ave W,DUFFERIN St,,Major Arterial,North York,6,32,43.768145,-79.46989,Mid-Block,,No Control,Rain,Dark,Wet,Non-Fatal Injury,Pedestrian Collisions,Vehicle Owner,unknown,,,,Other,,,,,,,Yes,Yes,,,,Yes,,,,,,27,York University Heights (27)
3324,2008,2008-10-02T04:00:00,2038,20,FINCH Ave W,DUFFERIN St,,Major Arterial,North York,6,32,43.768145,-79.46989,Mid-Block,,No Control,Rain,Dark,Wet,Non-Fatal Injury,Pedestrian Collisions,Driver,15 to 19,None,,West,"Automobile, Station Wagon",Going Ahead,Driving Properly,Normal,,,,Yes,Yes,,,,Yes,,,,,,27,York University Heights (27)
5242,2010,2010-06-02T04:00:00,2039,20,ALEXDON RD,FINCH AVE W,,Major Arterial,North York,6,31,43.764645,-79.48549,Intersection,At Intersection,Stop Sign,Rain,Dark,Wet,Non-Fatal Injury,Pedestrian Collisions,Driver,unknown,None,,North,"Automobile, Station Wagon",Turning Right,Failed to Yield Right of Way,Normal,,,,Yes,Yes,,,,,,Yes,,,,27,York University Heights (27)
5336,2010,2010-06-02T04:00:00,2039,20,ALEXDON RD,FINCH AVE W,,Major Arterial,North York,6,31,43.764645,-79.48549,Intersection,At Intersection,Stop Sign,Rain,Dark,Wet,Non-Fatal Injury,Pedestrian Collisions,Pedestrian,15 to 19,Major,,East,Other,,,,Vehicle turns right while ped crosses with ROW at inter.,Crossing with right of way,Normal,Yes,Yes,,,,,,Yes,,,,27,York University Heights (27)
5337,2010,2010-03-27T04:00:00,2039,20,QUEEN Stre E,SACKVILLE Stre,,Major Arterial,Toronto and East York,13,51,43.656245,-79.36149,Intersection,At Intersection,No Control,Clear,Dark,Dry,Non-Fatal Injury,Pedestrian Collisions,Driver,25 to 29,None,,West,"Automobile, Station Wagon",Going Ahead,Driving Properly,Normal,,,,Yes,Yes,,,,,,,,,,73,Moss Park (73)
5344,2010,2010-03-27T04:00:00,2039,20,QUEEN Stre E,SACKVILLE Stre,,Major Arterial,Toronto and East York,13,51,43.656245,-79.36149,Intersection,At Intersection,No Control,Clear,Dark,Dry,Non-Fatal Injury,Pedestrian Collisions,Pedestrian,5 to 9,Major,,South,Other,,,,Vehicle is going straight thru inter.while ped cross without ROW,Running onto Roadway,Inattentive,Yes,Yes,,,,,,,,,,73,Moss Park (73)
4451,2009,2009-04-11T04:00:00,2040,20,DONLANDS AVE,MORTIMER AVE,,Minor Arterial,Toronto and East York,14,54,43.687645,-79.34029,Intersection,At Intersection,Traffic Signal,Clear,Dark,Dry,Non-Fatal Injury,Pedestrian Collisions,Driver,70 to 74,None,,South,"Automobile, Station Wagon",Going Ahead,Driving Properly,Normal,,,,Yes,Yes,,,,,,,,,,59,Danforth East York (59)
4452,2009,2009-04-11T04:00:00,2040,20,DONLANDS AVE,MORTIMER AVE,,Minor Arterial,Toronto and East York,14,54,43.687645,-79.34029,Intersection,At Intersection,Traffic Signal,Clear,Dark,Dry,Non-Fatal Injury,Pedestrian Collisions,Pedestrian,10 to 14,Major,,,Other,,,,Vehicle is going straight thru inter.while ped cross without ROW,Crossing without right of way,Inattentive,Yes,Yes,,,,,,,,,,59,Danforth East York (59)
7117,2012,2012-02-25T05:00:00,2040,20,MIDLAND AVE,EGLINTON AVE E,,Major Arterial,Scarborough,,41,43.734545,-79.25809,Intersection,At Intersection,Traffic Signal,Clear,Dark,Dry,Non-Fatal Injury,Pedestrian Collisions,Driver,unknown,None,,North,"Automobile, Station Wagon",Turning Left,,,,,,Yes,Yes,,,,,,,,,,138,Eglinton East (138)
7119,2012,2012-02-25T05:00:00,2040,20,MIDLAND AVE,EGLINTON AVE E,,Major Arterial,Scarborough,,41,43.734545,-79.25809,Intersection,At Intersection,Traffic Signal,Clear,Dark,Dry,Non-Fatal Injury,Pedestrian Collisions,Pedestrian,unknown,Minor,,,Other,Other,,,Vehicle turns left while ped crosses with ROW at inter.,,,Yes,Yes,,,,,,,,,,138,Eglinton East (138)
7120,2012,2012-02-25T05:00:00,2040,20,MIDLAND AVE,EGLINTON AVE E,,Major Arterial,Scarborough,,41,43.734545,-79.25809,Intersection,At Intersection,Traffic Signal,Clear,Dark,Dry,Non-Fatal Injury,Pedestrian Collisions,Pedestrian,unknown,Major,,,Other,Other,,,,,,Yes,Yes,,,,,,,,,,138,Eglinton East (138)
8087,2012,2012-09-07T04:00:00,2040,20,BYNG AVE,DORIS AVE,,Minor Arterial,North York,18,32,43.776945,-79.41319,Intersection,,Traffic Signal,Clear,"Dark, artificial",Dry,Non-Fatal Injury,Pedestrian Collisions,Vehicle Owner,unknown,,,,Other,,,,,,,Yes,Yes,,,,,,Yes,,,,51,Willowdale East (51)
8088,2012,2012-09-07T04:00:00,2040,20,BYNG AVE,DORIS AVE,,Minor Arterial,North York,18,32,43.776945,-79.41319,Intersection,,Traffic Signal,Clear,"Dark, artificial",Dry,Non-Fatal Injury,Pedestrian Collisions,Driver,60 to 64,None,,East,"Automobile, Station Wagon",Turning Left,Failed to Yield Right of Way,Normal,,,,Yes,Yes,,,,,,Yes,,,,51,Willowdale East (51)
8089,2012,2012-09-07T04:00:00,2040,20,BYNG AVE,DORIS AVE,,Minor Arterial,North York,18,32,43.776945,-79.41319,Intersection,,Traffic Signal,Clear,"Dark, artificial",Dry,Non-Fatal Injury,Pedestrian Collisions,Pedestrian,55 to 59,Major,,East,Other,,,,Vehicle turns left while ped crosses with ROW at inter.,Crossing with right of way,Normal,Yes,Yes,,,,,,Yes,,,,51,Willowdale East (51)
12388,2016,2016-09-06T04:00:00,2040,20,1058 GERRARD ST E,,5 m South of,Minor Arterial,Toronto and East York,14,55,43.669036,-79.336017,Mid-Block,Non Intersection,No Control,Clear,"Dark, artificial",Dry,Non-Fatal Injury,Pedestrian Collisions,Driver,40 to 44,None,,East,"Automobile, Station Wagon",Going Ahead,Driving Properly,Had Been Drinking,,,,Yes,Yes,,,,,,,,,,70,South Riverdale (70)
12389,2016,2016-09-06T04:00:00,2040,20,1058 GERRARD ST E,,5 m South of,Minor Arterial,Toronto and East York,14,55,43.669036,-79.336017,Mid-Block,Non Intersection,No Control,Clear,"Dark, artificial",Dry,Non-Fatal Injury,Pedestrian Collisions,Pedestrian,60 to 64,Major,,South,,,,,Pedestrian hit at mid-block,"Crossing, no Traffic Control",Normal,Yes,Yes,,,,,,,,,,70,South Riverdale (70)
13466,2016,2016-11-22T05:00:00,2040,20,MELROSE ST,GARROCH PL,,Local,Etobicoke York,3,22,43.618716,-79.506374,Intersection,At Intersection,No Control,Clear,"Dark, artificial",Dry,Non-Fatal Injury,Pedestrian Collisions,Driver,25 to 29,None,,East,"Automobile, Station Wagon",Turning Left,Failed to Yield Right of Way,Inattentive,,,,Yes,Yes,,,,,,Yes,,,,17,Mimico (includes Humber Bay Shores) (17)
13467,2016,2016-11-22T05:00:00,2040,20,MELROSE ST,GARROCH PL,,Local,Etobicoke York,3,22,43.618716,-79.506374,Intersection,At Intersection,No Control,Clear,"Dark, artificial",Dry,Non-Fatal Injury,Pedestrian Collisions,Pedestrian,85 to 89,Major,,East,,,,,Vehicle turns left while ped crosses with ROW at inter.,Crossing with right of way,Normal,Yes,Yes,,,,,,Yes,,,,17,Mimico (includes Humber Bay Shores) (17)
9644,2013,2013-01-18T05:00:00,2041,20,SHEPPARD AVE W,KEELE ST,,Major Arterial,North York,6,31,43.744745,-79.48639,Intersection,At Intersection,Traffic Signal,Clear,"Dark, artificial",Wet,Non-Fatal Injury,Pedestrian Collisions,Driver,55 to 59,Minimal,,East,"Automobile, Station Wagon",Turning Right,Failed to Yield Right of Way,Unknown,,,,Yes,Yes,,,,,,Yes,,,,26,Downsview-Roding-CFB (26)